price,time
101.45,2013-04-01 14:30:00
108.5,2013-04-02 14:30:00
135.0,2013-04-03 14:30:00
136.144,2013-04-04 14:30:00
137.0,2013-04-05 14:30:00
141.5,2013-04-06 14:30:00
156.0,2013-04-07 14:30:00
192.599,2013-04-08 14:30:00
215.0,2013-04-09 14:30:00
252.286,2013-04-10 14:30:00
131.0,2013-04-11 14:30:00
78.07600000000002,2013-04-12 14:30:00
116.485,2013-04-13 14:30:00
99.511,2013-04-14 14:30:00
96.99,2013-04-15 14:30:00
61.503,2013-04-16 14:30:00
94.0,2013-04-17 14:30:00
93.0,2013-04-18 14:30:00
118.0,2013-04-19 14:30:00
121.42,2013-04-20 14:30:00
125.1,2013-04-21 14:30:00
121.76,2013-04-22 14:30:00
134.1,2013-04-23 14:30:00
159.903,2013-04-24 14:30:00
154.2,2013-04-25 14:30:00
138.15,2013-04-26 14:30:00
135.11,2013-04-27 14:30:00
133.66,2013-04-28 14:30:00
143.8,2013-04-29 14:30:00
137.246,2013-04-30 14:30:00
128.6,2013-05-01 14:30:00
102.57,2013-05-02 14:30:00
94.0,2013-05-03 14:30:00
113.99,2013-05-04 14:30:00
110.8,2013-05-05 14:30:00
118.61,2013-05-06 14:30:00
100.102,2013-05-07 14:30:00
111.901,2013-05-08 14:30:00
112.56,2013-05-09 14:30:00
121.49,2013-05-10 14:30:00
118.24,2013-05-11 14:30:00
114.08,2013-05-12 14:30:00
117.0,2013-05-13 14:30:00
119.49,2013-05-14 14:30:00
113.46,2013-05-15 14:30:00
113.0,2013-05-16 14:30:00
114.9,2013-05-17 14:30:00
116.95,2013-05-18 14:30:00
118.88,2013-05-19 14:30:00
117.6,2013-05-20 14:30:00
118.24,2013-05-21 14:30:00
118.0,2013-05-22 14:30:00
120.4,2013-05-23 14:30:00
126.17,2013-05-24 14:30:00
128.001,2013-05-25 14:30:00
130.0199,2013-05-26 14:30:00
130.09,2013-05-27 14:30:00
124.99,2013-05-28 14:30:00
126.77,2013-05-29 14:30:00
129.78,2013-05-30 14:30:00
128.29,2013-05-31 14:30:00
128.1,2013-06-01 14:30:00
121.91,2013-06-02 14:30:00
119.06,2013-06-03 14:30:00
119.81,2013-06-04 14:30:00
120.2,2013-06-05 14:30:00
120.62,2013-06-06 14:30:00
112.65,2013-06-07 14:30:00
109.07,2013-06-08 14:30:00
93.89379,2013-06-09 14:30:00
101.25,2013-06-10 14:30:00
106.3,2013-06-11 14:30:00
109.36,2013-06-12 14:30:00
107.5,2013-06-13 14:30:00
101.0,2013-06-14 14:30:00
100.09,2013-06-15 14:30:00
100.0,2013-06-16 14:30:00
100.0,2013-06-17 14:30:00
106.52,2013-06-18 14:30:00
105.62,2013-06-19 14:30:00
106.59,2013-06-20 14:30:00
102.0,2013-06-21 14:30:00
100.01,2013-06-22 14:30:00
100.1,2013-06-23 14:30:00
96.28,2013-06-24 14:30:00
100.21,2013-06-25 14:30:00
98.71,2013-06-26 14:30:00
97.62,2013-06-27 14:30:00
92.47,2013-06-28 14:30:00
90.29,2013-06-29 14:30:00
89.5,2013-06-30 14:30:00
86.99,2013-07-01 14:30:00
85.47,2013-07-02 14:30:00
84.39,2013-07-03 14:30:00
77.94,2013-07-04 14:30:00
71.41,2013-07-05 14:30:00
66.21,2013-07-06 14:30:00
66.61,2013-07-07 14:30:00
71.99,2013-07-08 14:30:00
73.19,2013-07-09 14:30:00
76.46,2013-07-10 14:30:00
84.37,2013-07-11 14:30:00
94.99,2013-07-12 14:30:00
89.8,2013-07-13 14:30:00
92.26,2013-07-14 14:30:00
93.47,2013-07-15 14:30:00
91.84,2013-07-16 14:30:00
90.56,2013-07-17 14:30:00
79.97,2013-07-18 14:30:00
83.84,2013-07-19 14:30:00
87.07,2013-07-20 14:30:00
85.4,2013-07-21 14:30:00
86.15,2013-07-22 14:30:00
87.2,2013-07-23 14:30:00
87.0,2013-07-24 14:30:00
89.2,2013-07-25 14:30:00
91.72,2013-07-26 14:30:00
88.87,2013-07-27 14:30:00
88.86,2013-07-28 14:30:00
93.5,2013-07-29 14:30:00
93.95,2013-07-30 14:30:00
100.49,2013-07-31 14:30:00
97.05,2013-08-01 14:30:00
97.72,2013-08-02 14:30:00
95.48,2013-08-03 14:30:00
96.07,2013-08-04 14:30:00
98.17,2013-08-05 14:30:00
98.9,2013-08-06 14:30:00
97.47,2013-08-07 14:30:00
95.22,2013-08-08 14:30:00
92.53,2013-08-09 14:30:00
93.14,2013-08-10 14:30:00
93.83,2013-08-11 14:30:00
94.14,2013-08-12 14:30:00
95.67,2013-08-13 14:30:00
98.17,2013-08-14 14:30:00
98.01,2013-08-15 14:30:00
97.87,2013-08-16 14:30:00
98.31,2013-08-17 14:30:00
98.99,2013-08-18 14:30:00
103.27,2013-08-19 14:30:00
103.75,2013-08-20 14:30:00
106.2,2013-08-21 14:30:00
112.49,2013-08-22 14:30:00
109.05,2013-08-23 14:30:00
108.1,2013-08-24 14:30:00
111.2,2013-08-25 14:30:00
111.52,2013-08-26 14:30:00
118.4,2013-08-27 14:30:00
118.7,2013-08-28 14:30:00
118.2,2013-08-29 14:30:00
119.0,2013-08-30 14:30:00
129.0,2013-08-31 14:30:00
131.4,2013-09-01 14:30:00
131.3,2013-09-02 14:30:00
130.3,2013-09-03 14:30:00
129.29,2013-09-04 14:30:00
123.48,2013-09-05 14:30:00
123.4,2013-09-06 14:30:00
119.94,2013-09-07 14:30:00
118.05,2013-09-08 14:30:00
118.55,2013-09-09 14:30:00
123.99,2013-09-10 14:30:00
123.91,2013-09-11 14:30:00
126.76,2013-09-12 14:30:00
128.48,2013-09-13 14:30:00
126.55,2013-09-14 14:30:00
125.61,2013-09-15 14:30:00
125.99,2013-09-16 14:30:00
126.93,2013-09-17 14:30:00
127.9,2013-09-18 14:30:00
126.35,2013-09-19 14:30:00
124.41,2013-09-20 14:30:00
123.1,2013-09-21 14:30:00
122.99,2013-09-22 14:30:00
123.94,2013-09-23 14:30:00
122.33,2013-09-24 14:30:00
124.07,2013-09-25 14:30:00
124.26,2013-09-26 14:30:00
126.75,2013-09-27 14:30:00
126.34,2013-09-28 14:30:00
127.748,2013-09-29 14:30:00
127.51,2013-09-30 14:30:00
127.7,2013-10-01 14:30:00
126.6,2013-10-02 14:30:00
113.09,2013-10-03 14:30:00
121.6,2013-10-04 14:30:00
121.59,2013-10-05 14:30:00
121.65,2013-10-06 14:30:00
123.5,2013-10-07 14:30:00
123.43,2013-10-08 14:30:00
125.55,2013-10-09 14:30:00
125.69,2013-10-10 14:30:00
126.87,2013-10-11 14:30:00
127.0,2013-10-12 14:30:00
129.0,2013-10-13 14:30:00
135.14,2013-10-14 14:30:00
137.53,2013-10-15 14:30:00
146.68,2013-10-16 14:30:00
142.18,2013-10-17 14:30:00
149.1,2013-10-18 14:30:00
167.0,2013-10-19 14:30:00
166.0,2013-10-20 14:30:00
175.79,2013-10-21 14:30:00
186.5,2013-10-22 14:30:00
195.0,2013-10-23 14:30:00
199.0,2013-10-24 14:30:00
172.98,2013-10-25 14:30:00
181.0,2013-10-26 14:30:00
182.01,2013-10-27 14:30:00
195.63,2013-10-28 14:30:00
197.07,2013-10-29 14:30:00
205.0,2013-10-30 14:30:00
199.95,2013-10-31 14:30:00
201.87,2013-11-01 14:30:00
204.3,2013-11-02 14:30:00
204.01,2013-11-03 14:30:00
218.04429,2013-11-04 14:30:00
243.5,2013-11-05 14:30:00
256.5,2013-11-06 14:30:00
284.99,2013-11-07 14:30:00
323.09,2013-11-08 14:30:00
360.0,2013-11-09 14:30:00
294.0,2013-11-10 14:30:00
343.92,2013-11-11 14:30:00
348.63,2013-11-12 14:30:00
380.001,2013-11-13 14:30:00
421.36,2013-11-14 14:30:00
430.1,2013-11-15 14:30:00
436.8,2013-11-16 14:30:00
466.0,2013-11-17 14:30:00
562.16,2013-11-18 14:30:00
567.4535900000002,2013-11-19 14:30:00
597.98,2013-11-20 14:30:00
696.0,2013-11-21 14:30:00
754.0,2013-11-22 14:30:00
815.2,2013-11-23 14:30:00
836.0,2013-11-24 14:30:00
831.03,2013-11-25 14:30:00
844.7,2013-11-26 14:30:00
943.5,2013-11-27 14:30:00
1036.0,2013-11-28 14:30:00
1075.0,2013-11-29 14:30:00
1123.11649,2013-11-30 14:30:00
1022.3,2013-12-01 14:30:00
1000.0,2013-12-02 14:30:00
1065.0,2013-12-03 14:30:00
1097.0,2013-12-04 14:30:00
1010.0,2013-12-05 14:30:00
969.77,2013-12-06 14:30:00
780.0,2013-12-07 14:30:00
730.97,2013-12-08 14:30:00
886.0,2013-12-09 14:30:00
928.0,2013-12-10 14:30:00
913.0,2013-12-11 14:30:00
869.9899,2013-12-12 14:30:00
884.76,2013-12-13 14:30:00
852.0,2013-12-14 14:30:00
831.55,2013-12-15 14:30:00
781.0,2013-12-16 14:30:00
676.01,2013-12-17 14:30:00
560.0,2013-12-18 14:30:00
659.97,2013-12-19 14:30:00
683.56,2013-12-20 14:30:00
594.99,2013-12-21 14:30:00
665.0,2013-12-22 14:30:00
636.9,2013-12-23 14:30:00
649.76,2013-12-24 14:30:00
659.89,2013-12-25 14:30:00
713.0,2013-12-26 14:30:00
737.75,2013-12-27 14:30:00
728.0201,2013-12-28 14:30:00
715.02,2013-12-29 14:30:00
729.1,2013-12-30 14:30:00
736.0,2013-12-31 14:30:00
743.66,2014-01-01 14:30:00
753.99,2014-01-02 14:30:00
806.01,2014-01-03 14:30:00
806.82,2014-01-04 14:30:00
874.8,2014-01-05 14:30:00
939.73,2014-01-06 14:30:00
883.04,2014-01-07 14:30:00
814.63,2014-01-08 14:30:00
794.99,2014-01-09 14:30:00
815.0,2014-01-10 14:30:00
890.0,2014-01-11 14:30:00
844.0,2014-01-12 14:30:00
794.11,2014-01-13 14:30:00
822.0,2014-01-14 14:30:00
839.77,2014-01-15 14:30:00
825.0001,2014-01-16 14:30:00
793.39,2014-01-17 14:30:00
815.0,2014-01-18 14:30:00
818.7893,2014-01-19 14:30:00
825.09,2014-01-20 14:30:00
824.53,2014-01-21 14:30:00
814.0,2014-01-22 14:30:00
810.2,2014-01-23 14:30:00
787.1010000000001,2014-01-24 14:30:00
793.0,2014-01-25 14:30:00
814.88,2014-01-26 14:30:00
803.99,2014-01-27 14:30:00
803.1001,2014-01-28 14:30:00
791.02,2014-01-29 14:30:00
788.0,2014-01-30 14:30:00
796.0,2014-01-31 14:30:00
825.0,2014-02-01 14:30:00
818.79,2014-02-02 14:30:00
806.03,2014-02-03 14:30:00
803.95,2014-02-04 14:30:00
803.0,2014-02-05 14:30:00
783.8,2014-02-06 14:30:00
728.1,2014-02-07 14:30:00
701.17,2014-02-08 14:30:00
723.0,2014-02-09 14:30:00
645.0,2014-02-10 14:30:00
697.00000001,2014-02-11 14:30:00
655.7999,2014-02-12 14:30:00
644.21,2014-02-13 14:30:00
628.8,2014-02-14 14:30:00
653.25,2014-02-15 14:30:00
635.0,2014-02-16 14:30:00
647.0,2014-02-17 14:30:00
627.01,2014-02-18 14:30:00
628.13,2014-02-19 14:30:00
594.5101,2014-02-20 14:30:00
574.01,2014-02-21 14:30:00
574.0,2014-02-22 14:30:00
623.49,2014-02-23 14:30:00
576.49,2014-02-24 14:30:00
495.0,2014-02-25 14:30:00
567.0,2014-02-26 14:30:00
585.3401,2014-02-27 14:30:00
558.75,2014-02-28 14:30:00
562.0,2014-03-01 14:30:00
560.66,2014-03-02 14:30:00
589.34,2014-03-03 14:30:00
694.0,2014-03-04 14:30:00
669.3,2014-03-05 14:30:00
654.0,2014-03-06 14:30:00
639.8699,2014-03-07 14:30:00
622.01,2014-03-08 14:30:00
642.6,2014-03-09 14:30:00
622.99,2014-03-10 14:30:00
619.1,2014-03-11 14:30:00
637.87,2014-03-12 14:30:00
640.99,2014-03-13 14:30:00
631.5,2014-03-14 14:30:00
633.0,2014-03-15 14:30:00
632.3,2014-03-16 14:30:00
620.7,2014-03-17 14:30:00
612.1,2014-03-18 14:30:00
616.4999999,2014-03-19 14:30:00
584.2101,2014-03-20 14:30:00
575.25,2014-03-21 14:30:00
555.73,2014-03-22 14:30:00
563.0,2014-03-23 14:30:00
561.12,2014-03-24 14:30:00
575.0001,2014-03-25 14:30:00
584.7499,2014-03-26 14:30:00
514.0,2014-03-27 14:30:00
513.7,2014-03-28 14:30:00
498.65,2014-03-29 14:30:00
447.8,2014-03-30 14:30:00
459.9899,2014-03-31 14:30:00
476.7,2014-04-01 14:30:00
463.43,2014-04-02 14:30:00
429.956,2014-04-03 14:30:00
441.0,2014-04-04 14:30:00
451.5,2014-04-05 14:30:00
453.4101,2014-04-06 14:30:00
451.044,2014-04-07 14:30:00
452.97,2014-04-08 14:30:00
443.0723,2014-04-09 14:30:00
410.2,2014-04-10 14:30:00
424.4996,2014-04-11 14:30:00
417.8,2014-04-12 14:30:00
412.5101,2014-04-13 14:30:00
452.5,2014-04-14 14:30:00
496.0,2014-04-15 14:30:00
509.0,2014-04-16 14:30:00
501.01,2014-04-17 14:30:00
482.8,2014-04-18 14:30:00
503.8101,2014-04-19 14:30:00
506.1393,2014-04-20 14:30:00
499.9899999,2014-04-21 14:30:00
495.5302,2014-04-22 14:30:00
486.9596,2014-04-23 14:30:00
491.5,2014-04-24 14:30:00
451.21,2014-04-25 14:30:00
460.43,2014-04-26 14:30:00
454.0,2014-04-27 14:30:00
438.6,2014-04-28 14:30:00
449.00000001,2014-04-29 14:30:00
444.4501,2014-04-30 14:30:00
450.06,2014-05-01 14:30:00
444.6101,2014-05-02 14:30:00
439.9,2014-05-03 14:30:00
433.36990001,2014-05-04 14:30:00
429.1999,2014-05-05 14:30:00
430.5001,2014-05-06 14:30:00
442.11,2014-05-07 14:30:00
447.0,2014-05-08 14:30:00
454.29,2014-05-09 14:30:00
451.37,2014-05-10 14:30:00
440.4,2014-05-11 14:30:00
440.0,2014-05-12 14:30:00
437.5,2014-05-13 14:30:00
444.0,2014-05-14 14:30:00
448.62,2014-05-15 14:30:00
449.5,2014-05-16 14:30:00
448.99,2014-05-17 14:30:00
447.35,2014-05-18 14:30:00
446.21,2014-05-19 14:30:00
466.51,2014-05-20 14:30:00
492.0,2014-05-21 14:30:00
517.0,2014-05-22 14:30:00
530.0,2014-05-23 14:30:00
523.0,2014-05-24 14:30:00
572.0,2014-05-25 14:30:00
585.6,2014-05-26 14:30:00
565.31,2014-05-27 14:30:00
571.85,2014-05-28 14:30:00
570.27,2014-05-29 14:30:00
611.07,2014-05-30 14:30:00
625.95,2014-05-31 14:30:00
658.0,2014-06-01 14:30:00
630.32,2014-06-02 14:30:00
662.5,2014-06-03 14:30:00
656.2,2014-06-04 14:30:00
666.01,2014-06-05 14:30:00
661.0,2014-06-06 14:30:00
655.0,2014-06-07 14:30:00
659.9,2014-06-08 14:30:00
650.35,2014-06-09 14:30:00
661.0,2014-06-10 14:30:00
649.41,2014-06-11 14:30:00
624.65,2014-06-12 14:30:00
613.0,2014-06-13 14:30:00
572.69,2014-06-14 14:30:00
553.7,2014-06-15 14:30:00
595.5,2014-06-16 14:30:00
598.95,2014-06-17 14:30:00
609.0,2014-06-18 14:30:00
608.5,2014-06-19 14:30:00
593.93,2014-06-20 14:30:00
596.95,2014-06-21 14:30:00
602.1,2014-06-22 14:30:00
587.06,2014-06-23 14:30:00
592.78,2014-06-24 14:30:00
572.99,2014-06-25 14:30:00
573.01,2014-06-26 14:30:00
587.01,2014-06-27 14:30:00
597.7,2014-06-28 14:30:00
594.3,2014-06-29 14:30:00
621.78,2014-06-30 14:30:00
659.63,2014-07-01 14:30:00
655.5,2014-07-02 14:30:00
646.22,2014-07-03 14:30:00
635.75,2014-07-04 14:30:00
635.0,2014-07-05 14:30:00
635.1,2014-07-06 14:30:00
623.24,2014-07-07 14:30:00
623.0,2014-07-08 14:30:00
624.31,2014-07-09 14:30:00
615.55,2014-07-10 14:30:00
628.71,2014-07-11 14:30:00
630.55,2014-07-12 14:30:00
632.5,2014-07-13 14:30:00
618.3,2014-07-14 14:30:00
625.0,2014-07-15 14:30:00
613.52,2014-07-16 14:30:00
618.8,2014-07-17 14:30:00
621.47,2014-07-18 14:30:00
627.87,2014-07-19 14:30:00
622.0,2014-07-20 14:30:00
619.25,2014-07-21 14:30:00
620.66,2014-07-22 14:30:00
620.1,2014-07-23 14:30:00
596.99,2014-07-24 14:30:00
599.8,2014-07-25 14:30:00
594.01,2014-07-26 14:30:00
595.2,2014-07-27 14:30:00
578.66,2014-07-28 14:30:00
579.32,2014-07-29 14:30:00
575.88,2014-07-30 14:30:00
584.1,2014-07-31 14:30:00
589.69,2014-08-01 14:30:00
587.0,2014-08-02 14:30:00
585.01,2014-08-03 14:30:00
590.0,2014-08-04 14:30:00
582.52,2014-08-05 14:30:00
579.98,2014-08-06 14:30:00
582.17,2014-08-07 14:30:00
591.71,2014-08-08 14:30:00
585.3,2014-08-09 14:30:00
589.9,2014-08-10 14:30:00
585.51,2014-08-11 14:30:00
566.0,2014-08-12 14:30:00
547.51,2014-08-13 14:30:00
496.08,2014-08-14 14:30:00
512.36,2014-08-15 14:30:00
500.01,2014-08-16 14:30:00
501.6,2014-08-17 14:30:00
472.46,2014-08-18 14:30:00
480.25,2014-08-19 14:30:00
500.67,2014-08-20 14:30:00
525.62,2014-08-21 14:30:00
517.18,2014-08-22 14:30:00
504.5,2014-08-23 14:30:00
505.0,2014-08-24 14:30:00
500.0,2014-08-25 14:30:00
507.79,2014-08-26 14:30:00
514.03,2014-08-27 14:30:00
508.46,2014-08-28 14:30:00
505.83,2014-08-29 14:30:00
500.97,2014-08-30 14:30:00
479.53,2014-08-31 14:30:00
481.7,2014-09-01 14:30:00
476.45,2014-09-02 14:30:00
478.99,2014-09-03 14:30:00
481.59,2014-09-04 14:30:00
487.26,2014-09-05 14:30:00
483.47,2014-09-06 14:30:00
483.9,2014-09-07 14:30:00
468.51,2014-09-08 14:30:00
469.6,2014-09-09 14:30:00
482.4,2014-09-10 14:30:00
477.42,2014-09-11 14:30:00
471.8,2014-09-12 14:30:00
482.0,2014-09-13 14:30:00
481.0,2014-09-14 14:30:00
479.74,2014-09-15 14:30:00
471.63,2014-09-16 14:30:00
459.26,2014-09-17 14:30:00
434.51,2014-09-18 14:30:00
405.67,2014-09-19 14:30:00
419.22,2014-09-20 14:30:00
409.0,2014-09-21 14:30:00
399.58,2014-09-22 14:30:00
397.49,2014-09-23 14:30:00
433.17,2014-09-24 14:30:00
419.0,2014-09-25 14:30:00
397.95,2014-09-26 14:30:00
406.0,2014-09-27 14:30:00
390.87,2014-09-28 14:30:00
380.06,2014-09-29 14:30:00
378.86,2014-09-30 14:30:00
385.0,2014-10-01 14:30:00
372.86,2014-10-02 14:30:00
368.0,2014-10-03 14:30:00
344.42,2014-10-04 14:30:00
311.84,2014-10-05 14:30:00
341.3,2014-10-06 14:30:00
328.0,2014-10-07 14:30:00
339.1,2014-10-08 14:30:00
374.0,2014-10-09 14:30:00
351.24,2014-10-10 14:30:00
353.1,2014-10-11 14:30:00
356.85,2014-10-12 14:30:00
383.5,2014-10-13 14:30:00
395.71,2014-10-14 14:30:00
395.71,2014-10-15 14:30:00
378.85,2014-10-16 14:30:00
377.55,2014-10-17 14:30:00
389.85,2014-10-18 14:30:00
388.5,2014-10-19 14:30:00
383.22,2014-10-20 14:30:00
391.01,2014-10-21 14:30:00
381.69,2014-10-22 14:30:00
361.48,2014-10-23 14:30:00
360.62,2014-10-24 14:30:00
342.48,2014-10-25 14:30:00
349.59,2014-10-26 14:30:00
354.01,2014-10-27 14:30:00
353.39,2014-10-28 14:30:00
337.0,2014-10-29 14:30:00
332.87,2014-10-30 14:30:00
339.59,2014-10-31 14:30:00
324.79,2014-11-01 14:30:00
322.9,2014-11-02 14:30:00
326.03,2014-11-03 14:30:00
327.72,2014-11-04 14:30:00
340.73,2014-11-05 14:30:00
340.99,2014-11-06 14:30:00
344.0,2014-11-07 14:30:00
342.47,2014-11-08 14:30:00
353.0,2014-11-09 14:30:00
370.04,2014-11-10 14:30:00
362.19,2014-11-11 14:30:00
391.52,2014-11-12 14:30:00
427.07,2014-11-13 14:30:00
399.0,2014-11-14 14:30:00
371.88,2014-11-15 14:30:00
381.02,2014-11-16 14:30:00
399.0,2014-11-17 14:30:00
372.84,2014-11-18 14:30:00
376.68,2014-11-19 14:30:00
358.4,2014-11-20 14:30:00
353.43,2014-11-21 14:30:00
349.26,2014-11-22 14:30:00
349.26,2014-11-23 14:30:00
349.26,2014-11-24 14:30:00
349.26,2014-11-25 14:30:00
349.26,2014-11-26 14:30:00
349.26,2014-11-27 14:30:00
349.26,2014-11-28 14:30:00
349.26,2014-11-29 14:30:00
349.26,2014-11-30 14:30:00
349.26,2014-12-01 14:30:00
349.26,2014-12-02 14:30:00
349.26,2014-12-03 14:30:00
349.26,2014-12-04 14:30:00
349.26,2014-12-05 14:30:00
349.26,2014-12-06 14:30:00
349.26,2014-12-07 14:30:00
349.26,2014-12-08 14:30:00
349.26,2014-12-09 14:30:00
349.26,2014-12-10 14:30:00
349.26,2014-12-11 14:30:00
349.26,2014-12-12 14:30:00
349.26,2014-12-13 14:30:00
349.26,2014-12-14 14:30:00
349.26,2014-12-15 14:30:00
349.26,2014-12-16 14:30:00
349.26,2014-12-17 14:30:00
349.26,2014-12-18 14:30:00
349.26,2014-12-19 14:30:00
349.26,2014-12-20 14:30:00
349.26,2014-12-21 14:30:00
349.26,2014-12-22 14:30:00
349.26,2014-12-23 14:30:00
349.26,2014-12-24 14:30:00
349.26,2014-12-25 14:30:00
349.26,2014-12-26 14:30:00
349.26,2014-12-27 14:30:00
349.26,2014-12-28 14:30:00
349.26,2014-12-29 14:30:00
349.26,2014-12-30 14:30:00
349.26,2014-12-31 14:30:00
316.49,2015-01-01 14:30:00
316.45,2015-01-02 14:30:00
299.5,2015-01-03 14:30:00
264.0,2015-01-04 14:30:00
273.88,2015-01-05 14:30:00
274.97,2015-01-06 14:30:00
287.8,2015-01-07 14:30:00
287.0,2015-01-08 14:30:00
287.32,2015-01-09 14:30:00
275.16,2015-01-10 14:30:00
279.19,2015-01-11 14:30:00
269.9,2015-01-12 14:30:00
233.75,2015-01-13 14:30:00
198.5,2015-01-14 14:30:00
219.67,2015-01-15 14:30:00
209.42,2015-01-16 14:30:00
197.25,2015-01-17 14:30:00
215.1,2015-01-18 14:30:00
210.67,2015-01-19 14:30:00
205.56,2015-01-20 14:30:00
213.45,2015-01-21 14:30:00
234.52,2015-01-22 14:30:00
232.5,2015-01-23 14:30:00
237.03,2015-01-24 14:30:00
248.0,2015-01-25 14:30:00
286.0,2015-01-26 14:30:00
267.9,2015-01-27 14:30:00
255.54,2015-01-28 14:30:00
223.5,2015-01-29 14:30:00
228.5,2015-01-30 14:30:00
230.48,2015-01-31 14:30:00
211.8,2015-02-01 14:30:00
227.44,2015-02-02 14:30:00
243.3,2015-02-03 14:30:00
225.28,2015-02-04 14:30:00
224.31,2015-02-05 14:30:00
222.75,2015-02-06 14:30:00
229.65,2015-02-07 14:30:00
226.48,2015-02-08 14:30:00
218.5,2015-02-09 14:30:00
217.54,2015-02-10 14:30:00
221.88,2015-02-11 14:30:00
221.26,2015-02-12 14:30:00
235.23,2015-02-13 14:30:00
246.86,2015-02-14 14:30:00
248.56,2015-02-15 14:30:00
235.73,2015-02-16 14:30:00
237.58,2015-02-17 14:30:00
240.58,2015-02-18 14:30:00
236.42,2015-02-19 14:30:00
245.16,2015-02-20 14:30:00
244.1,2015-02-21 14:30:00
237.5,2015-02-22 14:30:00
236.59,2015-02-23 14:30:00
238.51,2015-02-24 14:30:00
237.7,2015-02-25 14:30:00
237.02,2015-02-26 14:30:00
253.34,2015-02-27 14:30:00
253.2,2015-02-28 14:30:00
248.5,2015-03-01 14:30:00
261.45,2015-03-02 14:30:00
272.48,2015-03-03 14:30:00
281.56,2015-03-04 14:30:00
271.34,2015-03-05 14:30:00
272.71,2015-03-06 14:30:00
273.7,2015-03-07 14:30:00
273.89,2015-03-08 14:30:00
281.61,2015-03-09 14:30:00
294.73,2015-03-10 14:30:00
293.51,2015-03-11 14:30:00
294.6,2015-03-12 14:30:00
291.5,2015-03-13 14:30:00
284.5,2015-03-14 14:30:00
286.66,2015-03-15 14:30:00
294.85,2015-03-16 14:30:00
288.07,2015-03-17 14:30:00
273.62,2015-03-18 14:30:00
261.81,2015-03-19 14:30:00
262.08,2015-03-20 14:30:00
261.56,2015-03-21 14:30:00
262.03,2015-03-22 14:30:00
268.2,2015-03-23 14:30:00
243.45,2015-03-24 14:30:00
246.2,2015-03-25 14:30:00
250.4,2015-03-26 14:30:00
248.72,2015-03-27 14:30:00
252.7,2015-03-28 14:30:00
244.5,2015-03-29 14:30:00
244.81,2015-03-30 14:30:00
243.9,2015-03-31 14:30:00
243.2,2015-04-01 14:30:00
247.11,2015-04-02 14:30:00
254.29,2015-04-03 14:30:00
251.7,2015-04-04 14:30:00
257.87,2015-04-05 14:30:00
257.45,2015-04-06 14:30:00
255.37,2015-04-07 14:30:00
246.24,2015-04-08 14:30:00
244.43,2015-04-09 14:30:00
234.55,2015-04-10 14:30:00
237.56,2015-04-11 14:30:00
236.47,2015-04-12 14:30:00
234.7,2015-04-13 14:30:00
220.9,2015-04-14 14:30:00
221.66,2015-04-15 14:30:00
226.21,2015-04-16 14:30:00
222.25,2015-04-17 14:30:00
222.22,2015-04-18 14:30:00
225.98,2015-04-19 14:30:00
224.45,2015-04-20 14:30:00
224.77,2015-04-21 14:30:00
236.5,2015-04-22 14:30:00
235.37,2015-04-23 14:30:00
231.64,2015-04-24 14:30:00
228.22,2015-04-25 14:30:00
215.9,2015-04-26 14:30:00
222.57,2015-04-27 14:30:00
224.23,2015-04-28 14:30:00
225.37,2015-04-29 14:30:00
234.5,2015-04-30 14:30:00
236.23,2015-05-01 14:30:00
236.23,2015-05-02 14:30:00
236.23,2015-05-03 14:30:00
236.23,2015-05-04 14:30:00
236.23,2015-05-05 14:30:00
236.23,2015-05-06 14:30:00
236.23,2015-05-07 14:30:00
236.23,2015-05-08 14:30:00
236.23,2015-05-09 14:30:00
236.23,2015-05-10 14:30:00
236.23,2015-05-11 14:30:00
236.23,2015-05-12 14:30:00
236.23,2015-05-13 14:30:00
236.23,2015-05-14 14:30:00
236.23,2015-05-15 14:30:00
236.23,2015-05-16 14:30:00
236.23,2015-05-17 14:30:00
236.23,2015-05-18 14:30:00
236.23,2015-05-19 14:30:00
236.23,2015-05-20 14:30:00
236.23,2015-05-21 14:30:00
236.23,2015-05-22 14:30:00
236.23,2015-05-23 14:30:00
236.23,2015-05-24 14:30:00
236.23,2015-05-25 14:30:00
236.23,2015-05-26 14:30:00
236.23,2015-05-27 14:30:00
236.23,2015-05-28 14:30:00
236.23,2015-05-29 14:30:00
236.23,2015-05-30 14:30:00
236.23,2015-05-31 14:30:00
227.0,2015-06-01 14:30:00
224.67,2015-06-02 14:30:00
225.5,2015-06-03 14:30:00
224.94,2015-06-04 14:30:00
225.64,2015-06-05 14:30:00
224.55,2015-06-06 14:30:00
223.96,2015-06-07 14:30:00
227.37,2015-06-08 14:30:00
230.78,2015-06-09 14:30:00
229.18,2015-06-10 14:30:00
229.72,2015-06-11 14:30:00
230.9,2015-06-12 14:30:00
229.97,2015-06-13 14:30:00
233.49,2015-06-14 14:30:00
235.0,2015-06-15 14:30:00
240.87,2015-06-16 14:30:00
251.8,2015-06-17 14:30:00
251.5,2015-06-18 14:30:00
247.22,2015-06-19 14:30:00
243.9,2015-06-20 14:30:00
243.67,2015-06-21 14:30:00
245.99,2015-06-22 14:30:00
244.0,2015-06-23 14:30:00
241.57,2015-06-24 14:30:00
241.82,2015-06-25 14:30:00
241.14,2015-06-26 14:30:00
245.89,2015-06-27 14:30:00
249.89,2015-06-28 14:30:00
253.56,2015-06-29 14:30:00
264.59,2015-06-30 14:30:00
257.13,2015-07-01 14:30:00
253.95,2015-07-02 14:30:00
255.0,2015-07-03 14:30:00
257.5,2015-07-04 14:30:00
261.9,2015-07-05 14:30:00
276.49,2015-07-06 14:30:00
265.42,2015-07-07 14:30:00
273.25,2015-07-08 14:30:00
271.46,2015-07-09 14:30:00
289.96,2015-07-10 14:30:00
294.8,2015-07-11 14:30:00
313.89,2015-07-12 14:30:00
288.5,2015-07-13 14:30:00
296.79,2015-07-14 14:30:00
292.06,2015-07-15 14:30:00
278.3,2015-07-16 14:30:00
278.63,2015-07-17 14:30:00
278.95,2015-07-18 14:30:00
275.63,2015-07-19 14:30:00
278.5,2015-07-20 14:30:00
279.0,2015-07-21 14:30:00
277.5,2015-07-22 14:30:00
277.65,2015-07-23 14:30:00
285.31,2015-07-24 14:30:00
289.62,2015-07-25 14:30:00
292.0,2015-07-26 14:30:00
288.68,2015-07-27 14:30:00
294.3,2015-07-28 14:30:00
291.04,2015-07-29 14:30:00
287.27,2015-07-30 14:30:00
285.0,2015-07-31 14:30:00
278.5,2015-08-01 14:30:00
280.96,2015-08-02 14:30:00
284.71,2015-08-03 14:30:00
285.73,2015-08-04 14:30:00
282.92,2015-08-05 14:30:00
278.96,2015-08-06 14:30:00
279.67,2015-08-07 14:30:00
269.18,2015-08-08 14:30:00
267.43,2015-08-09 14:30:00
263.79,2015-08-10 14:30:00
266.25,2015-08-11 14:30:00
266.91,2015-08-12 14:30:00
265.14,2015-08-13 14:30:00
266.49,2015-08-14 14:30:00
266.57,2015-08-15 14:30:00
260.83,2015-08-16 14:30:00
258.84,2015-08-17 14:30:00
254.25,2015-08-18 14:30:00
232.97,2015-08-19 14:30:00
234.07,2015-08-20 14:30:00
233.19,2015-08-21 14:30:00
227.52,2015-08-22 14:30:00
229.5,2015-08-23 14:30:00
222.01,2015-08-24 14:30:00
215.37,2015-08-25 14:30:00
231.77,2015-08-26 14:30:00
227.71,2015-08-27 14:30:00
227.43,2015-08-28 14:30:00
229.0,2015-08-29 14:30:00
229.0,2015-08-30 14:30:00
229.95,2015-08-31 14:30:00
228.25,2015-09-01 14:30:00
228.89,2015-09-02 14:30:00
227.98,2015-09-03 14:30:00
229.53,2015-09-04 14:30:00
234.69,2015-09-05 14:30:00
243.55,2015-09-06 14:30:00
241.26,2015-09-07 14:30:00
243.51,2015-09-08 14:30:00
240.72,2015-09-09 14:30:00
241.6,2015-09-10 14:30:00
240.15,2015-09-11 14:30:00
239.94,2015-09-12 14:30:00
234.18,2015-09-13 14:30:00
231.97,2015-09-14 14:30:00
231.67,2015-09-15 14:30:00
229.45,2015-09-16 14:30:00
231.42,2015-09-17 14:30:00
234.46,2015-09-18 14:30:00
231.97,2015-09-19 14:30:00
232.28,2015-09-20 14:30:00
228.92,2015-09-21 14:30:00
231.76,2015-09-22 14:30:00
231.26,2015-09-23 14:30:00
232.94,2015-09-24 14:30:00
236.96,2015-09-25 14:30:00
235.55,2015-09-26 14:30:00
233.06,2015-09-27 14:30:00
239.71,2015-09-28 14:30:00
238.64,2015-09-29 14:30:00
237.72,2015-09-30 14:30:00
237.43,2015-10-01 14:30:00
238.08,2015-10-02 14:30:00
240.04,2015-10-03 14:30:00
240.12,2015-10-04 14:30:00
240.46,2015-10-05 14:30:00
246.94,2015-10-06 14:30:00
246.0,2015-10-07 14:30:00
243.97,2015-10-08 14:30:00
244.9,2015-10-09 14:30:00
244.5,2015-10-10 14:30:00
245.74,2015-10-11 14:30:00
246.53,2015-10-12 14:30:00
252.0,2015-10-13 14:30:00
251.99,2015-10-14 14:30:00
256.39,2015-10-15 14:30:00
262.37,2015-10-16 14:30:00
274.03,2015-10-17 14:30:00
265.67,2015-10-18 14:30:00
266.57,2015-10-19 14:30:00
268.9,2015-10-20 14:30:00
267.56,2015-10-21 14:30:00
275.42,2015-10-22 14:30:00
277.87,2015-10-23 14:30:00
281.77,2015-10-24 14:30:00
293.0,2015-10-25 14:30:00
287.12,2015-10-26 14:30:00
297.0,2015-10-27 14:30:00
304.74,2015-10-28 14:30:00
315.99,2015-10-29 14:30:00
323.97,2015-10-30 14:30:00
324.87,2015-10-31 14:30:00
320.31,2015-11-01 14:30:00
341.02,2015-11-02 14:30:00
396.5,2015-11-03 14:30:00
474.0,2015-11-04 14:30:00
401.51,2015-11-05 14:30:00
375.2,2015-11-06 14:30:00
390.0,2015-11-07 14:30:00
381.0,2015-11-08 14:30:00
387.93,2015-11-09 14:30:00
356.1,2015-11-10 14:30:00
320.57,2015-11-11 14:30:00
326.81,2015-11-12 14:30:00
333.08,2015-11-13 14:30:00
330.07,2015-11-14 14:30:00
317.79,2015-11-15 14:30:00
321.36,2015-11-16 14:30:00
335.71,2015-11-17 14:30:00
334.5,2015-11-18 14:30:00
329.0,2015-11-19 14:30:00
322.18,2015-11-20 14:30:00
326.01,2015-11-21 14:30:00
322.48,2015-11-22 14:30:00
324.29,2015-11-23 14:30:00
321.01,2015-11-24 14:30:00
325.23,2015-11-25 14:30:00
355.94,2015-11-26 14:30:00
356.14,2015-11-27 14:30:00
355.67,2015-11-28 14:30:00
363.33,2015-11-29 14:30:00
370.44,2015-11-30 14:30:00
361.56,2015-12-01 14:30:00
357.9,2015-12-02 14:30:00
360.02,2015-12-03 14:30:00
359.97,2015-12-04 14:30:00
376.37,2015-12-05 14:30:00
393.22,2015-12-06 14:30:00
397.4,2015-12-07 14:30:00
397.35,2015-12-08 14:30:00
422.99,2015-12-09 14:30:00
419.25,2015-12-10 14:30:00
435.89,2015-12-11 14:30:00
426.13,2015-12-12 14:30:00
437.5,2015-12-13 14:30:00
444.73,2015-12-14 14:30:00
458.01,2015-12-15 14:30:00
452.7,2015-12-16 14:30:00
456.45,2015-12-17 14:30:00
460.45,2015-12-18 14:30:00
464.05,2015-12-19 14:30:00
455.12,2015-12-20 14:30:00
441.59,2015-12-21 14:30:00
436.94,2015-12-22 14:30:00
441.5,2015-12-23 14:30:00
454.11,2015-12-24 14:30:00
452.55,2015-12-25 14:30:00
423.62,2015-12-26 14:30:00
419.98,2015-12-27 14:30:00
425.25,2015-12-28 14:30:00
421.48,2015-12-29 14:30:00
423.0,2015-12-30 14:30:00
422.59,2015-12-31 14:30:00
431.11,2016-01-01 14:30:00
431.59,2016-01-02 14:30:00
426.54,2016-01-03 14:30:00
430.19,2016-01-04 14:30:00
431.97,2016-01-05 14:30:00
429.65,2016-01-06 14:30:00
452.73,2016-01-07 14:30:00
456.69,2016-01-08 14:30:00
448.63,2016-01-09 14:30:00
443.5,2016-01-10 14:30:00
447.7,2016-01-11 14:30:00
446.11,2016-01-12 14:30:00
428.2,2016-01-13 14:30:00
431.8,2016-01-14 14:30:00
388.99,2016-01-15 14:30:00
370.02,2016-01-16 14:30:00
387.1,2016-01-17 14:30:00
387.8,2016-01-18 14:30:00
386.84,2016-01-19 14:30:00
403.46,2016-01-20 14:30:00
414.9,2016-01-21 14:30:00
395.02,2016-01-22 14:30:00
384.0,2016-01-23 14:30:00
398.53,2016-01-24 14:30:00
399.77,2016-01-25 14:30:00
394.19,2016-01-26 14:30:00
395.0,2016-01-27 14:30:00
383.0,2016-01-28 14:30:00
380.55,2016-01-29 14:30:00
377.3,2016-01-30 14:30:00
374.13,2016-01-31 14:30:00
373.94,2016-02-01 14:30:00
372.71,2016-02-02 14:30:00
370.45,2016-02-03 14:30:00
384.99,2016-02-04 14:30:00
388.2,2016-02-05 14:30:00
374.78,2016-02-06 14:30:00
377.75,2016-02-07 14:30:00
374.87,2016-02-08 14:30:00
376.57,2016-02-09 14:30:00
385.16,2016-02-10 14:30:00
380.94,2016-02-11 14:30:00
382.0,2016-02-12 14:30:00
388.0,2016-02-13 14:30:00
398.8,2016-02-14 14:30:00
403.61,2016-02-15 14:30:00
405.02,2016-02-16 14:30:00
418.51,2016-02-17 14:30:00
419.52,2016-02-18 14:30:00
421.3,2016-02-19 14:30:00
431.27,2016-02-20 14:30:00
431.35,2016-02-21 14:30:00
440.0,2016-02-22 14:30:00
424.97,2016-02-23 14:30:00
421.99,2016-02-24 14:30:00
424.21,2016-02-25 14:30:00
425.31,2016-02-26 14:30:00
433.01,2016-02-27 14:30:00
432.39,2016-02-28 14:30:00
439.9,2016-02-29 14:30:00
436.0,2016-03-01 14:30:00
429.39,2016-03-02 14:30:00
422.69,2016-03-03 14:30:00
419.82,2016-03-04 14:30:00
400.53,2016-03-05 14:30:00
405.96,2016-03-06 14:30:00
411.05,2016-03-07 14:30:00
410.56,2016-03-08 14:30:00
411.15,2016-03-09 14:30:00
416.77,2016-03-10 14:30:00
420.81,2016-03-11 14:30:00
412.8,2016-03-12 14:30:00
411.34,2016-03-13 14:30:00
414.86,2016-03-14 14:30:00
415.68,2016-03-15 14:30:00
414.99,2016-03-16 14:30:00
419.34,2016-03-17 14:30:00
413.05,2016-03-18 14:30:00
407.48,2016-03-19 14:30:00
411.9,2016-03-20 14:30:00
410.06,2016-03-21 14:30:00
416.13,2016-03-22 14:30:00
416.55,2016-03-23 14:30:00
416.89,2016-03-24 14:30:00
416.42,2016-03-25 14:30:00
415.23,2016-03-26 14:30:00
417.47,2016-03-27 14:30:00
424.79,2016-03-28 14:30:00
414.86,2016-03-29 14:30:00
411.06,2016-03-30 14:30:00
415.69,2016-03-31 14:30:00
416.19,2016-04-01 14:30:00
416.19,2016-04-02 14:30:00
416.19,2016-04-03 14:30:00
416.19,2016-04-04 14:30:00
416.19,2016-04-05 14:30:00
416.19,2016-04-06 14:30:00
416.19,2016-04-07 14:30:00
416.19,2016-04-08 14:30:00
416.19,2016-04-09 14:30:00
416.19,2016-04-10 14:30:00
416.19,2016-04-11 14:30:00
416.19,2016-04-12 14:30:00
416.19,2016-04-13 14:30:00
416.19,2016-04-14 14:30:00
416.19,2016-04-15 14:30:00
416.19,2016-04-16 14:30:00
416.19,2016-04-17 14:30:00
416.19,2016-04-18 14:30:00
416.19,2016-04-19 14:30:00
416.19,2016-04-20 14:30:00
416.19,2016-04-21 14:30:00
416.19,2016-04-22 14:30:00
416.19,2016-04-23 14:30:00
416.19,2016-04-24 14:30:00
416.19,2016-04-25 14:30:00
416.19,2016-04-26 14:30:00
416.19,2016-04-27 14:30:00
416.19,2016-04-28 14:30:00
416.19,2016-04-29 14:30:00
416.19,2016-04-30 14:30:00
416.19,2016-05-01 14:30:00
416.19,2016-05-02 14:30:00
416.19,2016-05-03 14:30:00
416.19,2016-05-04 14:30:00
416.19,2016-05-05 14:30:00
416.19,2016-05-06 14:30:00
416.19,2016-05-07 14:30:00
416.19,2016-05-08 14:30:00
416.19,2016-05-09 14:30:00
416.19,2016-05-10 14:30:00
416.19,2016-05-11 14:30:00
416.19,2016-05-12 14:30:00
416.19,2016-05-13 14:30:00
416.19,2016-05-14 14:30:00
416.19,2016-05-15 14:30:00
416.19,2016-05-16 14:30:00
416.19,2016-05-17 14:30:00
416.19,2016-05-18 14:30:00
416.19,2016-05-19 14:30:00
416.19,2016-05-20 14:30:00
416.19,2016-05-21 14:30:00
416.19,2016-05-22 14:30:00
416.19,2016-05-23 14:30:00
416.19,2016-05-24 14:30:00
416.19,2016-05-25 14:30:00
416.19,2016-05-26 14:30:00
416.19,2016-05-27 14:30:00
416.19,2016-05-28 14:30:00
416.19,2016-05-29 14:30:00
416.19,2016-05-30 14:30:00
416.19,2016-05-31 14:30:00
541.4,2016-06-01 14:30:00
534.79,2016-06-02 14:30:00
561.49,2016-06-03 14:30:00
576.1,2016-06-04 14:30:00
573.0,2016-06-05 14:30:00
583.58,2016-06-06 14:30:00
576.0,2016-06-07 14:30:00
577.68,2016-06-08 14:30:00
574.21,2016-06-09 14:30:00
577.7,2016-06-10 14:30:00
584.2,2016-06-11 14:30:00
644.83,2016-06-12 14:30:00
708.53,2016-06-13 14:30:00
681.53,2016-06-14 14:30:00
689.12,2016-06-15 14:30:00
737.43,2016-06-16 14:30:00
746.62,2016-06-17 14:30:00
752.29,2016-06-18 14:30:00
768.0,2016-06-19 14:30:00
733.19,2016-06-20 14:30:00
666.16,2016-06-21 14:30:00
672.22,2016-06-22 14:30:00
582.77,2016-06-23 14:30:00
671.4,2016-06-24 14:30:00
680.09,2016-06-25 14:30:00
625.47,2016-06-26 14:30:00
631.12,2016-06-27 14:30:00
639.99,2016-06-28 14:30:00
631.54,2016-06-29 14:30:00
667.77,2016-06-30 14:30:00
676.7,2016-07-01 14:30:00
690.82,2016-07-02 14:30:00
676.92,2016-07-03 14:30:00
676.99,2016-07-04 14:30:00
670.12,2016-07-05 14:30:00
672.41,2016-07-06 14:30:00
637.42,2016-07-07 14:30:00
650.93,2016-07-08 14:30:00
649.98,2016-07-09 14:30:00
645.2,2016-07-10 14:30:00
648.34,2016-07-11 14:30:00
652.71,2016-07-12 14:30:00
660.18,2016-07-13 14:30:00
663.89,2016-07-14 14:30:00
663.5,2016-07-15 14:30:00
661.59,2016-07-16 14:30:00
671.66,2016-07-17 14:30:00
680.0,2016-07-18 14:30:00
672.0,2016-07-19 14:30:00
670.69,2016-07-20 14:30:00
665.12,2016-07-21 14:30:00
654.61,2016-07-22 14:30:00
652.99,2016-07-23 14:30:00
654.2,2016-07-24 14:30:00
655.05,2016-07-25 14:30:00
651.54,2016-07-26 14:30:00
653.79,2016-07-27 14:30:00
659.47,2016-07-28 14:30:00
659.0,2016-07-29 14:30:00
657.9,2016-07-30 14:30:00
634.22,2016-07-31 14:30:00
624.01,2016-08-01 14:30:00
607.3,2016-08-02 14:30:00
604.1,2016-08-03 14:30:00
604.1,2016-08-04 14:30:00
604.1,2016-08-05 14:30:00
604.1,2016-08-06 14:30:00
604.1,2016-08-07 14:30:00
604.1,2016-08-08 14:30:00
604.1,2016-08-09 14:30:00
604.1,2016-08-10 14:30:00
596.9,2016-08-11 14:30:00
587.49,2016-08-12 14:30:00
590.01,2016-08-13 14:30:00
573.61,2016-08-14 14:30:00
568.02,2016-08-15 14:30:00
568.75,2016-08-16 14:30:00
572.91,2016-08-17 14:30:00
577.16,2016-08-18 14:30:00
574.22,2016-08-19 14:30:00
579.55,2016-08-20 14:30:00
581.32,2016-08-21 14:30:00
584.73,2016-08-22 14:30:00
584.01,2016-08-23 14:30:00
582.82,2016-08-24 14:30:00
574.83,2016-08-25 14:30:00
579.01,2016-08-26 14:30:00
573.94,2016-08-27 14:30:00
573.02,2016-08-28 14:30:00
575.99,2016-08-29 14:30:00
579.4,2016-08-30 14:30:00
574.95,2016-08-31 14:30:00
572.5,2016-09-01 14:30:00
578.17,2016-09-02 14:30:00
579.39,2016-09-03 14:30:00
615.61,2016-09-04 14:30:00
609.14,2016-09-05 14:30:00
613.39,2016-09-06 14:30:00
616.49,2016-09-07 14:30:00
630.95,2016-09-08 14:30:00
625.21,2016-09-09 14:30:00
626.54,2016-09-10 14:30:00
628.0,2016-09-11 14:30:00
609.95,2016-09-12 14:30:00
612.69,2016-09-13 14:30:00
614.94,2016-09-14 14:30:00
615.6,2016-09-15 14:30:00
612.3,2016-09-16 14:30:00
606.02,2016-09-17 14:30:00
612.59,2016-09-18 14:30:00
611.16,2016-09-19 14:30:00
609.51,2016-09-20 14:30:00
596.15,2016-09-21 14:30:00
597.05,2016-09-22 14:30:00
600.18,2016-09-23 14:30:00
604.78,2016-09-24 14:30:00
597.99,2016-09-25 14:30:00
606.35,2016-09-26 14:30:00
605.77,2016-09-27 14:30:00
604.53,2016-09-28 14:30:00
605.96,2016-09-29 14:30:00
606.22,2016-09-30 14:30:00
613.6,2016-10-01 14:30:00
609.63,2016-10-02 14:30:00
612.01,2016-10-03 14:30:00
612.1,2016-10-04 14:30:00
615.46,2016-10-05 14:30:00
614.33,2016-10-06 14:30:00
620.13,2016-10-07 14:30:00
618.32,2016-10-08 14:30:00
618.92,2016-10-09 14:30:00
619.6,2016-10-10 14:30:00
636.81,2016-10-11 14:30:00
640.73,2016-10-12 14:30:00
639.13,2016-10-13 14:30:00
639.72,2016-10-14 14:30:00
644.21,2016-10-15 14:30:00
643.5,2016-10-16 14:30:00
641.32,2016-10-17 14:30:00
638.99,2016-10-18 14:30:00
628.1,2016-10-19 14:30:00
631.28,2016-10-20 14:30:00
637.35,2016-10-21 14:30:00
645.95,2016-10-22 14:30:00
659.72,2016-10-23 14:30:00
654.03,2016-10-24 14:30:00
659.76,2016-10-25 14:30:00
671.2,2016-10-26 14:30:00
683.3,2016-10-27 14:30:00
687.74,2016-10-28 14:30:00
712.31,2016-10-29 14:30:00
708.68,2016-10-30 14:30:00
709.0,2016-10-31 14:30:00
735.44,2016-11-01 14:30:00
728.04,2016-11-02 14:30:00
734.89,2016-11-03 14:30:00
700.08,2016-11-04 14:30:00
702.48,2016-11-05 14:30:00
710.31,2016-11-06 14:30:00
702.01,2016-11-07 14:30:00
715.99,2016-11-08 14:30:00
728.62,2016-11-09 14:30:00
713.6,2016-11-10 14:30:00
718.1,2016-11-11 14:30:00
702.64,2016-11-12 14:30:00
687.63,2016-11-13 14:30:00
700.96,2016-11-14 14:30:00
712.3,2016-11-15 14:30:00
731.61,2016-11-16 14:30:00
746.98,2016-11-17 14:30:00
752.54,2016-11-18 14:30:00
749.86,2016-11-19 14:30:00
742.18,2016-11-20 14:30:00
738.91,2016-11-21 14:30:00
745.23,2016-11-22 14:30:00
743.13,2016-11-23 14:30:00
735.58,2016-11-24 14:30:00
733.42,2016-11-25 14:30:00
723.9,2016-11-26 14:30:00
734.71,2016-11-27 14:30:00
729.99,2016-11-28 14:30:00
730.32,2016-11-29 14:30:00
739.06,2016-11-30 14:30:00
751.32,2016-12-01 14:30:00
773.04,2016-12-02 14:30:00
767.97,2016-12-03 14:30:00
768.33,2016-12-04 14:30:00
750.8,2016-12-05 14:30:00
757.98,2016-12-06 14:30:00
763.81,2016-12-07 14:30:00
771.11,2016-12-08 14:30:00
771.43,2016-12-09 14:30:00
775.15,2016-12-10 14:30:00
767.82,2016-12-11 14:30:00
778.4,2016-12-12 14:30:00
779.65,2016-12-13 14:30:00
779.85,2016-12-14 14:30:00
777.48,2016-12-15 14:30:00
782.67,2016-12-16 14:30:00
787.94,2016-12-17 14:30:00
785.6,2016-12-18 14:30:00
789.49,2016-12-19 14:30:00
790.9,2016-12-20 14:30:00
821.0,2016-12-21 14:30:00
862.5,2016-12-22 14:30:00
905.14,2016-12-23 14:30:00
888.08,2016-12-24 14:30:00
871.69,2016-12-25 14:30:00
905.02,2016-12-26 14:30:00
938.88,2016-12-27 14:30:00
966.54,2016-12-28 14:30:00
965.99,2016-12-29 14:30:00
950.08,2016-12-30 14:30:00
953.91,2016-12-31 14:30:00
976.5,2017-01-01 14:30:00
1022.6,2017-01-02 14:30:00
1017.4,2017-01-03 14:30:00
1078.7,2017-01-04 14:30:00
954.98,2017-01-05 14:30:00
890.5,2017-01-06 14:30:00
886.31,2017-01-07 14:30:00
926.8,2017-01-08 14:30:00
901.65,2017-01-09 14:30:00
906.94,2017-01-10 14:30:00
803.55,2017-01-11 14:30:00
779.89,2017-01-12 14:30:00
805.32,2017-01-13 14:30:00
824.13,2017-01-14 14:30:00
812.0,2017-01-15 14:30:00
823.18,2017-01-16 14:30:00
883.85,2017-01-17 14:30:00
855.07,2017-01-18 14:30:00
895.0,2017-01-19 14:30:00
899.4,2017-01-20 14:30:00
921.39,2017-01-21 14:30:00
899.23,2017-01-22 14:30:00
920.38,2017-01-23 14:30:00
901.26,2017-01-24 14:30:00
885.0,2017-01-25 14:30:00
910.94,2017-01-26 14:30:00
916.86,2017-01-27 14:30:00
918.8,2017-01-28 14:30:00
918.32,2017-01-29 14:30:00
919.06,2017-01-30 14:30:00
951.5,2017-01-31 14:30:00
965.99,2017-02-01 14:30:00
991.01,2017-02-02 14:30:00
1009.1,2017-02-03 14:30:00
1013.0,2017-02-04 14:30:00
1018.5,2017-02-05 14:30:00
1020.4,2017-02-06 14:30:00
1052.6,2017-02-07 14:30:00
1038.0,2017-02-08 14:30:00
961.43,2017-02-09 14:30:00
961.47,2017-02-10 14:30:00
1001.0,2017-02-11 14:30:00
997.9,2017-02-12 14:30:00
989.51,2017-02-13 14:30:00
1012.0,2017-02-14 14:30:00
1011.8,2017-02-15 14:30:00
1028.7,2017-02-16 14:30:00
1058.7,2017-02-17 14:30:00
1061.5,2017-02-18 14:30:00
1055.0,2017-02-19 14:30:00
1061.1,2017-02-20 14:30:00
1114.0,2017-02-21 14:30:00
1123.9,2017-02-22 14:30:00
1150.9,2017-02-23 14:30:00
1198.5,2017-02-24 14:30:00
1173.1,2017-02-25 14:30:00
1172.2,2017-02-26 14:30:00
1180.2,2017-02-27 14:30:00
1188.4,2017-02-28 14:30:00
1221.7,2017-03-01 14:30:00
1234.8,2017-03-02 14:30:00
1279.1,2017-03-03 14:30:00
1270.2,2017-03-04 14:30:00
1264.9,2017-03-05 14:30:00
1282.0,2017-03-06 14:30:00
1224.9,2017-03-07 14:30:00
1200.3,2017-03-08 14:30:00
1176.8,2017-03-09 14:30:00
1275.1,2017-03-10 14:30:00
1172.1,2017-03-11 14:30:00
1189.2,2017-03-12 14:30:00
1230.0,2017-03-13 14:30:00
1255.6,2017-03-14 14:30:00
1255.6,2017-03-15 14:30:00
1222.0,2017-03-16 14:30:00
1148.9,2017-03-17 14:30:00
1006.6,2017-03-18 14:30:00
994.5,2017-03-19 14:30:00
1041.7,2017-03-20 14:30:00
1091.9,2017-03-21 14:30:00
1021.3,2017-03-22 14:30:00
1049.3,2017-03-23 14:30:00
989.6,2017-03-24 14:30:00
931.8,2017-03-25 14:30:00
990.0,2017-03-26 14:30:00
1014.7,2017-03-27 14:30:00
1057.2,2017-03-28 14:30:00
1044.5,2017-03-29 14:30:00
1031.9,2017-03-30 14:30:00
1049.6,2017-03-31 14:30:00
1091.9,2017-04-01 14:30:00
1091.1,2017-04-02 14:30:00
1134.0,2017-04-03 14:30:00
1137.3,2017-04-04 14:30:00
1128.0,2017-04-05 14:30:00
1170.4,2017-04-06 14:30:00
1193.1,2017-04-07 14:30:00
1193.3,2017-04-08 14:30:00
1194.4,2017-04-09 14:30:00
1223.1,2017-04-10 14:30:00
1226.0,2017-04-11 14:30:00
1234.8,2017-04-12 14:30:00
1193.9,2017-04-13 14:30:00
1208.0,2017-04-14 14:30:00
1211.1,2017-04-15 14:30:00
1205.0,2017-04-16 14:30:00
1209.0,2017-04-17 14:30:00
1260.9,2017-04-18 14:30:00
1264.6,2017-04-19 14:30:00
1282.6,2017-04-20 14:30:00
1316.4,2017-04-21 14:30:00
1297.6,2017-04-22 14:30:00
1340.8,2017-04-23 14:30:00
1337.9,2017-04-24 14:30:00
1358.9,2017-04-25 14:30:00
1399.5,2017-04-26 14:30:00
1426.1,2017-04-27 14:30:00
1385.0,2017-04-28 14:30:00
1416.6,2017-04-29 14:30:00
1424.1,2017-04-30 14:30:00
1507.4,2017-05-01 14:30:00
1563.6,2017-05-02 14:30:00
1551.0,2017-05-03 14:30:00
1652.0,2017-05-04 14:30:00
1628.8,2017-05-05 14:30:00
1575.5,2017-05-06 14:30:00
1581.5,2017-05-07 14:30:00
1649.4,2017-05-08 14:30:00
1760.5,2017-05-09 14:30:00
1806.1,2017-05-10 14:30:00
1870.4,2017-05-11 14:30:00
1802.7,2017-05-12 14:30:00
1750.2,2017-05-13 14:30:00
1825.5,2017-05-14 14:30:00
1760.2,2017-05-15 14:30:00
1766.6,2017-05-16 14:30:00
1889.1,2017-05-17 14:30:00
1900.0,2017-05-18 14:30:00
1977.6,2017-05-19 14:30:00
1993.8,2017-05-20 14:30:00
2050.5,2017-05-21 14:30:00
2160.8,2017-05-22 14:30:00
2204.3,2017-05-23 14:30:00
2290.1,2017-05-24 14:30:00
2670.3,2017-05-25 14:30:00
2311.6,2017-05-26 14:30:00
1938.0,2017-05-27 14:30:00
2107.4,2017-05-28 14:30:00
2095.6,2017-05-29 14:30:00
2206.9,2017-05-30 14:30:00
2115.2,2017-05-31 14:30:00
2337.9,2017-06-01 14:30:00
2281.0,2017-06-02 14:30:00
2427.9,2017-06-03 14:30:00
2475.2,2017-06-04 14:30:00
2522.1,2017-06-05 14:30:00
2810.0,2017-06-06 14:30:00
2784.6,2017-06-07 14:30:00
2716.6,2017-06-08 14:30:00
2836.7,2017-06-09 14:30:00
2871.4,2017-06-10 14:30:00
2883.9,2017-06-11 14:30:00
2689.8,2017-06-12 14:30:00
2652.0,2017-06-13 14:30:00
2430.5,2017-06-14 14:30:00
2174.5,2017-06-15 14:30:00
2405.0,2017-06-16 14:30:00
2515.0,2017-06-17 14:30:00
2500.7,2017-06-18 14:30:00
2554.91417321,2017-06-19 14:30:00
2634.6,2017-06-20 14:30:00
2693.5,2017-06-21 14:30:00
2667.1,2017-06-22 14:30:00
2694.7,2017-06-23 14:30:00
2554.58166018,2017-06-24 14:30:00
2560.9,2017-06-25 14:30:00
2400.0,2017-06-26 14:30:00
2246.1,2017-06-27 14:30:00
2494.9,2017-06-28 14:30:00
2470.0,2017-06-29 14:30:00
2478.5,2017-06-30 14:30:00
2383.7,2017-07-01 14:30:00
2348.8,2017-07-02 14:30:00
2545.9,2017-07-03 14:30:00
2602.9,2017-07-04 14:30:00
2537.9,2017-07-05 14:30:00
2575.0,2017-07-06 14:30:00
2495.2,2017-07-07 14:30:00
2517.1,2017-07-08 14:30:00
2510.6,2017-07-09 14:30:00
2411.0,2017-07-10 14:30:00
2316.5,2017-07-11 14:30:00
2324.6,2017-07-12 14:30:00
2334.3,2017-07-13 14:30:00
2235.6,2017-07-14 14:30:00
1976.1,2017-07-15 14:30:00
1868.0,2017-07-16 14:30:00
2047.0,2017-07-17 14:30:00
2325.2,2017-07-18 14:30:00
2306.1,2017-07-19 14:30:00
2610.2,2017-07-20 14:30:00
2733.7,2017-07-21 14:30:00
2790.3,2017-07-22 14:30:00
2820.9,2017-07-23 14:30:00
2783.8,2017-07-24 14:30:00
2577.2,2017-07-25 14:30:00
2485.6,2017-07-26 14:30:00
2566.1,2017-07-27 14:30:00
2777.0,2017-07-28 14:30:00
2675.0,2017-07-29 14:30:00
2708.4,2017-07-30 14:30:00
2780.0,2017-07-31 14:30:00
2697.8,2017-08-01 14:30:00
2679.8,2017-08-02 14:30:00
2733.7,2017-08-03 14:30:00
2847.9,2017-08-04 14:30:00
3207.0,2017-08-05 14:30:00
3229.3,2017-08-06 14:30:00
3369.4,2017-08-07 14:30:00
3376.0,2017-08-08 14:30:00
3250.1,2017-08-09 14:30:00
3431.5,2017-08-10 14:30:00
3535.0,2017-08-11 14:30:00
3784.4,2017-08-12 14:30:00
3964.8,2017-08-13 14:30:00
4290.3,2017-08-14 14:30:00
3890.0,2017-08-15 14:30:00
4119.9,2017-08-16 14:30:00
4464.0,2017-08-17 14:30:00
4215.0,2017-08-18 14:30:00
4068.7,2017-08-19 14:30:00
4084.9,2017-08-20 14:30:00
4005.4,2017-08-21 14:30:00
3860.0,2017-08-22 14:30:00
4186.7,2017-08-23 14:30:00
4199.5,2017-08-24 14:30:00
4362.0,2017-08-25 14:30:00
4275.4,2017-08-26 14:30:00
4327.0,2017-08-27 14:30:00
4311.9,2017-08-28 14:30:00
4580.2,2017-08-29 14:30:00
4562.8,2017-08-30 14:30:00
4714.7,2017-08-31 14:30:00
4783.5,2017-09-01 14:30:00
4509.9,2017-09-02 14:30:00
4378.9,2017-09-03 14:30:00
4270.8,2017-09-04 14:30:00
4263.5,2017-09-05 14:30:00
4515.2,2017-09-06 14:30:00
4647.5,2017-09-07 14:30:00
4315.3,2017-09-08 14:30:00
4257.0,2017-09-09 14:30:00
4127.0,2017-09-10 14:30:00
4258.8,2017-09-11 14:30:00
4273.5,2017-09-12 14:30:00
3794.0,2017-09-13 14:30:00
3539.2,2017-09-14 14:30:00
3529.9,2017-09-15 14:30:00
3625.1,2017-09-16 14:30:00
3659.7,2017-09-17 14:30:00
4067.2,2017-09-18 14:30:00
3970.6,2017-09-19 14:30:00
4022.2,2017-09-20 14:30:00
3860.0,2017-09-21 14:30:00
3608.4,2017-09-22 14:30:00
3758.9,2017-09-23 14:30:00
3703.0,2017-09-24 14:30:00
3874.6,2017-09-25 14:30:00
3953.8,2017-09-26 14:30:00
4092.9,2017-09-27 14:30:00
4130.8,2017-09-28 14:30:00
4207.7,2017-09-29 14:30:00
4319.9,2017-09-30 14:30:00
4290.0,2017-10-01 14:30:00
4444.1,2017-10-02 14:30:00
4258.8,2017-10-03 14:30:00
4206.2,2017-10-04 14:30:00
4302.8,2017-10-05 14:30:00
4385.6,2017-10-06 14:30:00
4365.9,2017-10-07 14:30:00
4544.3,2017-10-08 14:30:00
4648.9,2017-10-09 14:30:00
4828.0,2017-10-10 14:30:00
4785.0,2017-10-11 14:30:00
5221.7,2017-10-12 14:30:00
5774.7,2017-10-13 14:30:00
5694.0,2017-10-14 14:30:00
5513.5,2017-10-15 14:30:00
5718.0,2017-10-16 14:30:00
5594.3,2017-10-17 14:30:00
5164.7,2017-10-18 14:30:00
5726.6,2017-10-19 14:30:00
5790.0,2017-10-20 14:30:00
6176.0,2017-10-21 14:30:00
5911.0,2017-10-22 14:30:00
5739.3,2017-10-23 14:30:00
5634.1,2017-10-24 14:30:00
5521.4,2017-10-25 14:30:00
5919.7,2017-10-26 14:30:00
5736.0,2017-10-27 14:30:00
5704.5,2017-10-28 14:30:00
5790.5,2017-10-29 14:30:00
6100.1,2017-10-30 14:30:00
6345.0,2017-10-31 14:30:00
6527.9,2017-11-01 14:30:00
7097.0,2017-11-02 14:30:00
7259.8,2017-11-03 14:30:00
7333.2,2017-11-04 14:30:00
7552.0,2017-11-05 14:30:00
7276.9,2017-11-06 14:30:00
7064.0,2017-11-07 14:30:00
7481.1,2017-11-08 14:30:00
7168.7,2017-11-09 14:30:00
6794.0,2017-11-10 14:30:00
6391.9,2017-11-11 14:30:00
6110.1,2017-11-12 14:30:00
6387.9,2017-11-13 14:30:00
6447.1,2017-11-14 14:30:00
7146.2,2017-11-15 14:30:00
7424.7,2017-11-16 14:30:00
7843.9,2017-11-17 14:30:00
7700.0,2017-11-18 14:30:00
7774.1,2017-11-19 14:30:00
8235.6,2017-11-20 14:30:00
8247.8,2017-11-21 14:30:00
8171.0,2017-11-22 14:30:00
8184.0,2017-11-23 14:30:00
8154.7,2017-11-24 14:30:00
8607.1,2017-11-25 14:30:00
9024.5,2017-11-26 14:30:00
9574.5,2017-11-27 14:30:00
9847.0,2017-11-28 14:30:00
11144.0,2017-11-29 14:30:00
9146.6,2017-11-30 14:30:00
10638.0,2017-12-01 14:30:00
10763.0,2017-12-02 14:30:00
11603.0,2017-12-03 14:30:00
11310.0,2017-12-04 14:30:00
11847.0,2017-12-05 14:30:00
12707.0,2017-12-06 14:30:00
14971.0,2017-12-07 14:30:00
15230.0,2017-12-08 14:30:00
14782.0,2017-12-09 14:30:00
15280.0,2017-12-10 14:30:00
16190.0,2017-12-11 14:30:00
16990.0,2017-12-12 14:30:00
17079.0,2017-12-13 14:30:00
16271.0,2017-12-14 14:30:00
17733.0,2017-12-15 14:30:00
18441.0,2017-12-16 14:30:00
19520.0,2017-12-17 14:30:00
18191.0,2017-12-18 14:30:00
17659.0,2017-12-19 14:30:00
17144.0,2017-12-20 14:30:00
16250.0,2017-12-21 14:30:00
11629.0,2017-12-22 14:30:00
14800.0,2017-12-23 14:30:00
12778.0,2017-12-24 14:30:00
13446.0,2017-12-25 14:30:00
15400.0,2017-12-26 14:30:00
15655.0,2017-12-27 14:30:00
14006.0,2017-12-28 14:30:00
14380.0,2017-12-29 14:30:00
12092.0,2017-12-30 14:30:00
13253.0,2017-12-31 14:30:00
12900.0,2018-01-01 14:30:00
13858.0,2018-01-02 14:30:00
15006.0,2018-01-03 14:30:00
14502.0,2018-01-04 14:30:00
16103.0,2018-01-05 14:30:00
16447.0,2018-01-06 14:30:00
16550.0,2018-01-07 14:30:00
14822.0,2018-01-08 14:30:00
14316.57241958,2018-01-09 14:30:00
13771.0,2018-01-10 14:30:00
13600.0,2018-01-11 14:30:00
13812.0,2018-01-12 14:30:00
14344.0,2018-01-13 14:30:00
13379.0,2018-01-14 14:30:00
14259.0,2018-01-15 14:30:00
11688.0,2018-01-16 14:30:00
9600.0,2018-01-17 14:30:00
11617.03832287,2018-01-18 14:30:00
11570.0,2018-01-19 14:30:00
12595.0,2018-01-20 14:30:00
11815.0,2018-01-21 14:30:00
10799.0,2018-01-22 14:30:00
10296.0,2018-01-23 14:30:00
11460.0,2018-01-24 14:30:00
11246.0,2018-01-25 14:30:00
10665.0,2018-01-26 14:30:00
11017.0,2018-01-27 14:30:00
11801.0,2018-01-28 14:30:00
11393.0,2018-01-29 14:30:00
10533.0,2018-01-30 14:30:00
10079.0,2018-01-31 14:30:00
9426.1,2018-02-01 14:30:00
8749.0,2018-02-02 14:30:00
9334.1,2018-02-03 14:30:00
8784.0,2018-02-04 14:30:00
7385.8,2018-02-05 14:30:00
6960.5,2018-02-06 14:30:00
8141.7,2018-02-07 14:30:00
8375.0,2018-02-08 14:30:00
8379.8,2018-02-09 14:30:00
8670.8,2018-02-10 14:30:00
8313.1,2018-02-11 14:30:00
8563.8,2018-02-12 14:30:00
8629.9,2018-02-13 14:30:00
9184.40511419,2018-02-14 14:30:00
9789.7,2018-02-15 14:30:00
9952.1,2018-02-16 14:30:00
10570.0,2018-02-17 14:30:00
10645.0,2018-02-18 14:30:00
10950.0,2018-02-19 14:30:00
11510.0,2018-02-20 14:30:00
10591.0,2018-02-21 14:30:00
9944.0,2018-02-22 14:30:00
10381.0,2018-02-23 14:30:00
9760.0,2018-02-24 14:30:00
9490.4,2018-02-25 14:30:00
10207.02225397,2018-02-26 14:30:00
10706.0,2018-02-27 14:30:00
10510.0,2018-02-28 14:30:00
10752.0,2018-03-01 14:30:00
10791.0,2018-03-02 14:30:00
11445.0,2018-03-03 14:30:00
11156.0,2018-03-04 14:30:00
11488.0,2018-03-05 14:30:00
10908.0,2018-03-06 14:30:00
10618.0,2018-03-07 14:30:00
9800.0,2018-03-08 14:30:00
9119.3,2018-03-09 14:30:00
9467.8,2018-03-10 14:30:00
9249.2,2018-03-11 14:30:00
9425.1,2018-03-12 14:30:00
9060.8,2018-03-13 14:30:00
8752.0,2018-03-14 14:30:00
8324.3,2018-03-15 14:30:00
8501.4,2018-03-16 14:30:00
8027.0,2018-03-17 14:30:00
7381.0,2018-03-18 14:30:00
8605.0,2018-03-19 14:30:00
8480.03379586,2018-03-20 14:30:00
9051.9,2018-03-21 14:30:00
8598.8,2018-03-22 14:30:00
8435.5,2018-03-23 14:30:00
8875.7,2018-03-24 14:30:00
8564.8,2018-03-25 14:30:00
8060.1,2018-03-26 14:30:00
8054.1,2018-03-27 14:30:00
7907.0,2018-03-28 14:30:00
7371.4244883,2018-03-29 14:30:00
6874.7,2018-03-30 14:30:00
7014.0,2018-03-31 14:30:00
6478.0,2018-04-01 14:30:00
6912.7,2018-04-02 14:30:00
7317.3,2018-04-03 14:30:00
6880.0,2018-04-04 14:30:00
6845.4,2018-04-05 14:30:00
6619.4,2018-04-06 14:30:00
6876.77952245,2018-04-07 14:30:00
7057.9,2018-04-08 14:30:00
6707.5,2018-04-09 14:30:00
6742.1,2018-04-10 14:30:00
6947.8,2018-04-11 14:30:00
7684.4,2018-04-12 14:30:00
8045.7,2018-04-13 14:30:00
7948.2,2018-04-14 14:30:00
8336.2,2018-04-15 14:30:00
7952.3,2018-04-16 14:30:00
8101.9,2018-04-17 14:30:00
8098.0,2018-04-18 14:30:00
8229.9,2018-04-19 14:30:00
8496.0,2018-04-20 14:30:00
8757.5,2018-04-21 14:30:00
8945.4,2018-04-22 14:30:00
8898.0,2018-04-23 14:30:00
9274.8,2018-04-24 14:30:00
8876.3,2018-04-25 14:30:00
8740.6,2018-04-26 14:30:00
9253.6,2018-04-27 14:30:00
9400.0,2018-04-28 14:30:00
9323.9,2018-04-29 14:30:00
9276.1,2018-04-30 14:30:00
8903.8,2018-05-01 14:30:00
9113.6,2018-05-02 14:30:00
9436.0,2018-05-03 14:30:00
9656.5,2018-05-04 14:30:00
9936.8,2018-05-05 14:30:00
9594.6,2018-05-06 14:30:00
9283.2,2018-05-07 14:30:00
9168.6,2018-05-08 14:30:00
9282.5,2018-05-09 14:30:00
9352.2,2018-05-10 14:30:00
8599.9,2018-05-11 14:30:00
8506.1,2018-05-12 14:30:00
8602.7,2018-05-13 14:30:00
8693.6,2018-05-14 14:30:00
8704.5,2018-05-15 14:30:00
8188.98828154,2018-05-16 14:30:00
8311.4,2018-05-17 14:30:00
8075.9,2018-05-18 14:30:00
8320.4,2018-05-19 14:30:00
8338.9,2018-05-20 14:30:00
8411.9,2018-05-21 14:30:00
8231.7952946,2018-05-22 14:30:00
7858.4,2018-05-23 14:30:00
7493.5,2018-05-24 14:30:00
7488.8,2018-05-25 14:30:00
7540.3,2018-05-26 14:30:00
7303.2,2018-05-27 14:30:00
7266.5,2018-05-28 14:30:00
7409.5,2018-05-29 14:30:00
7503.2,2018-05-30 14:30:00
7546.0,2018-05-31 14:30:00
7413.9,2018-06-01 14:30:00
7640.0,2018-06-02 14:30:00
7698.28418906,2018-06-03 14:30:00
7484.6,2018-06-04 14:30:00
7419.2,2018-06-05 14:30:00
7636.0,2018-06-06 14:30:00
7680.571968800001,2018-06-07 14:30:00
7581.5,2018-06-08 14:30:00
7604.6,2018-06-09 14:30:00
7255.0,2018-06-10 14:30:00
6700.7,2018-06-11 14:30:00
6752.1,2018-06-12 14:30:00
6407.0,2018-06-13 14:30:00
6390.3,2018-06-14 14:30:00
6515.7,2018-06-15 14:30:00
6396.4,2018-06-16 14:30:00
6482.1,2018-06-17 14:30:00
6429.9,2018-06-18 14:30:00
6744.8,2018-06-19 14:30:00
6754.8,2018-06-20 14:30:00
6703.5,2018-06-21 14:30:00
6175.2,2018-06-22 14:30:00
6115.3,2018-06-23 14:30:00
5902.1,2018-06-24 14:30:00
6290.0,2018-06-25 14:30:00
6161.6,2018-06-26 14:30:00
6073.0,2018-06-27 14:30:00
6122.1,2018-06-28 14:30:00
5882.16796045,2018-06-29 14:30:00
6377.3,2018-06-30 14:30:00
6341.1,2018-07-01 14:30:00
6603.5,2018-07-02 14:30:00
6568.5,2018-07-03 14:30:00
6701.0,2018-07-04 14:30:00
6595.3,2018-07-05 14:30:00
6558.4,2018-07-06 14:30:00
6570.1,2018-07-07 14:30:00
6732.40228522,2018-07-08 14:30:00
6728.2,2018-07-09 14:30:00
6363.2,2018-07-10 14:30:00
6361.9,2018-07-11 14:30:00
6180.5,2018-07-12 14:30:00
6255.20954159,2018-07-13 14:30:00
6246.7,2018-07-14 14:30:00
6343.9,2018-07-15 14:30:00
6619.8,2018-07-16 14:30:00
6727.5,2018-07-17 14:30:00
7462.3,2018-07-18 14:30:00
7450.1,2018-07-19 14:30:00
7486.6,2018-07-20 14:30:00
7354.8,2018-07-21 14:30:00
7478.2,2018-07-22 14:30:00
7706.6,2018-07-23 14:30:00
8174.8,2018-07-24 14:30:00
8200.3,2018-07-25 14:30:00
8197.0,2018-07-26 14:30:00
7878.1,2018-07-27 14:30:00
8135.1,2018-07-28 14:30:00
8232.0,2018-07-29 14:30:00
8132.2,2018-07-30 14:30:00
7738.0,2018-07-31 14:30:00
7599.5,2018-08-01 14:30:00
7536.8,2018-08-02 14:30:00
7478.6,2018-08-03 14:30:00
7077.1,2018-08-04 14:30:00
6916.4,2018-08-05 14:30:00
6940.9,2018-08-06 14:30:00
7070.1,2018-08-07 14:30:00
6468.3,2018-08-08 14:30:00
6467.90504667,2018-08-09 14:30:00
6442.9,2018-08-10 14:30:00
6125.1,2018-08-11 14:30:00
6319.8,2018-08-12 14:30:00
6385.9,2018-08-13 14:30:00
6072.6,2018-08-14 14:30:00
6375.6,2018-08-15 14:30:00
6343.6,2018-08-16 14:30:00
6440.8520166,2018-08-17 14:30:00
6370.08973192,2018-08-18 14:30:00
6435.0,2018-08-19 14:30:00
6440.6844308,2018-08-20 14:30:00
6402.44429802,2018-08-21 14:30:00
6649.904684300002,2018-08-22 14:30:00
6459.4,2018-08-23 14:30:00
6540.18431537,2018-08-24 14:30:00
6694.3,2018-08-25 14:30:00
6715.9,2018-08-26 14:30:00
6729.9,2018-08-27 14:30:00
7052.4,2018-08-28 14:30:00
7097.8,2018-08-29 14:30:00
6879.5,2018-08-30 14:30:00
6933.1,2018-08-31 14:30:00
7049.9,2018-09-01 14:30:00
7228.9,2018-09-02 14:30:00
7275.09173037,2018-09-03 14:30:00
7390.1,2018-09-04 14:30:00
7033.7,2018-09-05 14:30:00
6477.6,2018-09-06 14:30:00
6470.5,2018-09-07 14:30:00
6401.781418,2018-09-08 14:30:00
6394.5,2018-09-09 14:30:00
6317.0,2018-09-10 14:30:00
6290.32725541,2018-09-11 14:30:00
6280.8,2018-09-12 14:30:00
6495.2,2018-09-13 14:30:00
6446.6,2018-09-14 14:30:00
6554.7,2018-09-15 14:30:00
6465.0,2018-09-16 14:30:00
6344.4,2018-09-17 14:30:00
6359.3,2018-09-18 14:30:00
6319.2,2018-09-19 14:30:00
6415.0,2018-09-20 14:30:00
6736.7,2018-09-21 14:30:00
6681.8,2018-09-22 14:30:00
6739.4,2018-09-23 14:30:00
6604.0,2018-09-24 14:30:00
6417.9,2018-09-25 14:30:00
6497.8804814,2018-09-26 14:30:00
6515.4,2018-09-27 14:30:00
6680.3,2018-09-28 14:30:00
6556.9,2018-09-29 14:30:00
6638.0,2018-09-30 14:30:00
6547.2,2018-10-01 14:30:00
6545.3,2018-10-02 14:30:00
6511.1,2018-10-03 14:30:00
6581.6,2018-10-04 14:30:00
6597.9769164,2018-10-05 14:30:00
6572.2,2018-10-06 14:30:00
6561.8,2018-10-07 14:30:00
6669.3,2018-10-08 14:30:00
6621.8,2018-10-09 14:30:00
6593.9,2018-10-10 14:30:00
6320.39884819,2018-10-11 14:30:00
6317.9,2018-10-12 14:30:00
6311.4,2018-10-13 14:30:00
6364.7,2018-10-14 14:30:00
6902.3,2018-10-15 14:30:00
6729.9,2018-10-16 14:30:00
6725.992646799999,2018-10-17 14:30:00
6709.7,2018-10-18 14:30:00
6566.1,2018-10-19 14:30:00
6594.7,2018-10-20 14:30:00
6638.3,2018-10-21 14:30:00
6557.4,2018-10-22 14:30:00
6563.0,2018-10-23 14:30:00
6607.8,2018-10-24 14:30:00
6555.28177409,2018-10-25 14:30:00
6523.0,2018-10-26 14:30:00
6506.1,2018-10-27 14:30:00
6494.9,2018-10-28 14:30:00
6370.8,2018-10-29 14:30:00
6348.9,2018-10-30 14:30:00
6321.2,2018-10-31 14:30:00
6357.0,2018-11-01 14:30:00
6430.530386,2018-11-02 14:30:00
6356.0,2018-11-03 14:30:00
6400.7,2018-11-04 14:30:00
6478.0,2018-11-05 14:30:00
6487.43072634,2018-11-06 14:30:00
6551.2,2018-11-07 14:30:00
6549.7,2018-11-08 14:30:00
6416.2,2018-11-09 14:30:00
6447.7,2018-11-10 14:30:00
6411.6,2018-11-11 14:30:00
6468.9,2018-11-12 14:30:00
6437.0,2018-11-13 14:30:00
6333.00765865,2018-11-14 14:30:00
5587.7,2018-11-15 14:30:00
5676.9,2018-11-16 14:30:00
5597.0,2018-11-17 14:30:00
5640.96965401,2018-11-18 14:30:00
5174.9,2018-11-19 14:30:00
4655.7,2018-11-20 14:30:00
4554.0,2018-11-21 14:30:00
4577.5,2018-11-22 14:30:00
4378.3,2018-11-23 14:30:00
4382.6,2018-11-24 14:30:00
3929.8,2018-11-25 14:30:00
3850.0,2018-11-26 14:30:00
3825.0,2018-11-27 14:30:00
4285.7,2018-11-28 14:30:00
4354.5,2018-11-29 14:30:00
4072.0,2018-11-30 14:30:00
4219.0,2018-12-01 14:30:00
4182.5,2018-12-02 14:30:00
4050.1,2018-12-03 14:30:00
4061.0,2018-12-04 14:30:00
3898.0,2018-12-05 14:30:00
3760.1,2018-12-06 14:30:00
3443.5,2018-12-07 14:30:00
3415.5,2018-12-08 14:30:00
3624.06022952,2018-12-09 14:30:00
3551.5,2018-12-10 14:30:00
3410.0,2018-12-11 14:30:00
3522.3,2018-12-12 14:30:00
3495.3,2018-12-13 14:30:00
3337.0,2018-12-14 14:30:00
3253.9,2018-12-15 14:30:00
3310.5,2018-12-16 14:30:00
3532.2,2018-12-17 14:30:00
3688.2,2018-12-18 14:30:00
3940.0,2018-12-19 14:30:00
4165.1,2018-12-20 14:30:00
4122.1,2018-12-21 14:30:00
3966.2,2018-12-22 14:30:00
4139.3,2018-12-23 14:30:00
4277.5,2018-12-24 14:30:00
3905.0,2018-12-25 14:30:00
3863.6,2018-12-26 14:30:00
3861.1,2018-12-27 14:30:00
3745.6,2018-12-28 14:30:00
3993.1,2018-12-29 14:30:00
3934.1,2018-12-30 14:30:00
3882.9,2018-12-31 14:30:00
3850.2,2019-01-01 14:30:00
3983.0,2019-01-02 14:30:00
3984.0,2019-01-03 14:30:00
3904.3,2019-01-04 14:30:00
3960.0,2019-01-05 14:30:00
3926.8,2019-01-06 14:30:00
4111.0,2019-01-07 14:30:00
4162.1,2019-01-08 14:30:00
4090.25488154,2019-01-09 14:30:00
3860.1,2019-01-10 14:30:00
3737.0,2019-01-11 14:30:00
3709.4,2019-01-12 14:30:00
3696.6,2019-01-13 14:30:00
3618.6,2019-01-14 14:30:00
3744.35909728,2019-01-15 14:30:00
3709.9,2019-01-16 14:30:00
3642.1,2019-01-17 14:30:00
3669.2,2019-01-18 14:30:00
3791.0,2019-01-19 14:30:00
3586.99669241,2019-01-20 14:30:00
3588.6,2019-01-21 14:30:00
3631.39266369,2019-01-22 14:30:00
3637.4,2019-01-23 14:30:00
3646.3,2019-01-24 14:30:00
3616.8531776,2019-01-25 14:30:00
3664.3,2019-01-26 14:30:00
3585.91125694,2019-01-27 14:30:00
3491.5,2019-01-28 14:30:00
3478.4,2019-01-29 14:30:00
3518.5,2019-01-30 14:30:00
3499.1,2019-01-31 14:30:00
3525.8,2019-02-01 14:30:00
3516.63334831,2019-02-02 14:30:00
3510.331754,2019-02-03 14:30:00
3488.9,2019-02-04 14:30:00
3505.71197102,2019-02-05 14:30:00
3443.6,2019-02-06 14:30:00
3447.5,2019-02-07 14:30:00
3510.5,2019-02-08 14:30:00
3721.1,2019-02-09 14:30:00
3685.0,2019-02-10 14:30:00
3692.2,2019-02-11 14:30:00
3681.7,2019-02-12 14:30:00
3665.93858724,2019-02-13 14:30:00
3655.9,2019-02-14 14:30:00
3676.72278686,2019-02-15 14:30:00
3708.9,2019-02-16 14:30:00
3683.0,2019-02-17 14:30:00
3919.9,2019-02-18 14:30:00
4034.0,2019-02-19 14:30:00
4020.3,2019-02-20 14:30:00
4006.9,2019-02-21 14:30:00
4055.6,2019-02-22 14:30:00
4035.5,2019-02-23 14:30:00
3890.1,2019-02-24 14:30:00
3880.9,2019-02-25 14:30:00
3911.0,2019-02-26 14:30:00
3906.9,2019-02-27 14:30:00
3926.0,2019-02-28 14:30:00
3925.2,2019-03-01 14:30:00
3912.0,2019-03-02 14:30:00
3913.68309389,2019-03-03 14:30:00
3800.3,2019-03-04 14:30:00
3932.0,2019-03-05 14:30:00
3932.0,2019-03-06 14:30:00
3955.52704125,2019-03-07 14:30:00
3984.8,2019-03-08 14:30:00
4015.0,2019-03-09 14:30:00
3990.1,2019-03-10 14:30:00
3940.7,2019-03-11 14:30:00
3965.0,2019-03-12 14:30:00
3964.1,2019-03-13 14:30:00
3919.4,2019-03-14 14:30:00
3989.6,2019-03-15 14:30:00
4085.6,2019-03-16 14:30:00
4079.36605808,2019-03-17 14:30:00
4061.8,2019-03-18 14:30:00
4086.0,2019-03-19 14:30:00
4099.18004108,2019-03-20 14:30:00
4094.9,2019-03-21 14:30:00
4059.1,2019-03-22 14:30:00
4048.4,2019-03-23 14:30:00
4051.5,2019-03-24 14:30:00
4033.8,2019-03-25 14:30:00
3963.00667961,2019-03-26 14:30:00
4078.3,2019-03-27 14:30:00
4081.9,2019-03-28 14:30:00
4155.7,2019-03-29 14:30:00
4158.6,2019-03-30 14:30:00
4168.7,2019-03-31 14:30:00
4211.25826968,2019-04-01 14:30:00
4800.1,2019-04-02 14:30:00
5047.6,2019-04-03 14:30:00
5067.2,2019-04-04 14:30:00
5053.0,2019-04-05 14:30:00
5065.8,2019-04-06 14:30:00
5191.6,2019-04-07 14:30:00
5222.3,2019-04-08 14:30:00
5229.7,2019-04-09 14:30:00
5295.9,2019-04-10 14:30:00
5062.6,2019-04-11 14:30:00
5102.1,2019-04-12 14:30:00
5127.3,2019-04-13 14:30:00
5110.0,2019-04-14 14:30:00
5192.0,2019-04-15 14:30:00
5063.2,2019-04-16 14:30:00
5240.4,2019-04-17 14:30:00
5262.2,2019-04-18 14:30:00
5281.1,2019-04-19 14:30:00
5339.7,2019-04-20 14:30:00
5284.84591641,2019-04-21 14:30:00
5334.2,2019-04-22 14:30:00
5610.28079498,2019-04-23 14:30:00
5495.0,2019-04-24 14:30:00
5476.05244381,2019-04-25 14:30:00
5408.0,2019-04-26 14:30:00
5395.2,2019-04-27 14:30:00
5500.3,2019-04-28 14:30:00
5400.0,2019-04-29 14:30:00
5604.7,2019-04-30 14:30:00
5603.4,2019-05-01 14:30:00
5729.0,2019-05-02 14:30:00
6107.0,2019-05-03 14:30:00
5925.8,2019-05-04 14:30:00
6045.86828473,2019-05-05 14:30:00
6018.9,2019-05-06 14:30:00
6196.0,2019-05-07 14:30:00
6116.9,2019-05-08 14:30:00
6212.0,2019-05-09 14:30:00
6372.9,2019-05-10 14:30:00
6778.7,2019-05-11 14:30:00
7135.1,2019-05-12 14:30:00
7373.4,2019-05-13 14:30:00
8023.9,2019-05-14 14:30:00
7935.0,2019-05-15 14:30:00
7978.2,2019-05-16 14:30:00
7255.8,2019-05-17 14:30:00
7362.2,2019-05-18 14:30:00
7936.0,2019-05-19 14:30:00
7727.4,2019-05-20 14:30:00
7905.6,2019-05-21 14:30:00
7874.9,2019-05-22 14:30:00
7708.5,2019-05-23 14:30:00
8013.1,2019-05-24 14:30:00
8043.5,2019-05-25 14:30:00
7995.0,2019-05-26 14:30:00
8817.9,2019-05-27 14:30:00
8715.6,2019-05-28 14:30:00
8751.7638816,2019-05-29 14:30:00
8745.0,2019-05-30 14:30:00
8375.0,2019-05-31 14:30:00
8530.0,2019-06-01 14:30:00
8690.0,2019-06-02 14:30:00
8465.37372491,2019-06-03 14:30:00
7971.3,2019-06-04 14:30:00
7747.3,2019-06-05 14:30:00
7690.0,2019-06-06 14:30:00
7974.34225158,2019-06-07 14:30:00
7918.4,2019-06-08 14:30:00
7735.1,2019-06-09 14:30:00
7950.6,2019-06-10 14:30:00
7786.3,2019-06-11 14:30:00
7990.0,2019-06-12 14:30:00
8153.0,2019-06-13 14:30:00
8388.0,2019-06-14 14:30:00
8660.6,2019-06-15 14:30:00
9260.8,2019-06-16 14:30:00
9339.9,2019-06-17 14:30:00
9171.2,2019-06-18 14:30:00
9138.0,2019-06-19 14:30:00
9350.0,2019-06-20 14:30:00
9804.6,2019-06-21 14:30:00
11063.0,2019-06-22 14:30:00
10769.0,2019-06-23 14:30:00
10930.0,2019-06-24 14:30:00
11317.0,2019-06-25 14:30:00
12582.0,2019-06-26 14:30:00
11810.0,2019-06-27 14:30:00
11817.0,2019-06-28 14:30:00
11887.483102,2019-06-29 14:30:00
11156.0,2019-06-30 14:30:00
10626.0,2019-07-01 14:30:00
10122.0,2019-07-02 14:30:00
11378.0,2019-07-03 14:30:00
11830.0,2019-07-04 14:30:00
11358.0,2019-07-05 14:30:00
11410.0,2019-07-06 14:30:00
11375.0,2019-07-07 14:30:00
11880.0,2019-07-08 14:30:00
12375.0,2019-07-09 14:30:00
12886.0,2019-07-10 14:30:00
11640.0,2019-07-11 14:30:00
11684.0,2019-07-12 14:30:00
11324.0,2019-07-13 14:30:00
10697.0,2019-07-14 14:30:00
10564.0,2019-07-15 14:30:00
10430.0,2019-07-16 14:30:00
9628.70304154,2019-07-17 14:30:00
9434.0,2019-07-18 14:30:00
10313.0,2019-07-19 14:30:00
10556.0,2019-07-20 14:30:00
10403.0,2019-07-21 14:30:00
10500.40930108,2019-07-22 14:30:00
9966.2,2019-07-23 14:30:00
9844.0,2019-07-24 14:30:00
9991.8,2019-07-25 14:30:00
9763.1,2019-07-26 14:30:00
9432.0,2019-07-27 14:30:00
9499.03019597,2019-07-28 14:30:00
9500.0,2019-07-29 14:30:00
9572.83056056,2019-07-30 14:30:00
9974.937676,2019-07-31 14:30:00
9999.9,2019-08-01 14:30:00
10533.125557,2019-08-02 14:30:00
10802.0,2019-08-03 14:30:00
10711.634906,2019-08-04 14:30:00
11787.0,2019-08-05 14:30:00
11779.0,2019-08-06 14:30:00
12098.09694951,2019-08-07 14:30:00
11708.0,2019-08-08 14:30:00
11765.535726,2019-08-09 14:30:00
11412.0,2019-08-10 14:30:00
11400.0,2019-08-11 14:30:00
11410.2227538,2019-08-12 14:30:00
10984.09550657,2019-08-13 14:30:00
10535.0,2019-08-14 14:30:00
10043.39961486,2019-08-15 14:30:00
10160.0,2019-08-16 14:30:00
10350.0,2019-08-17 14:30:00
10459.0,2019-08-18 14:30:00
10750.0,2019-08-19 14:30:00
10641.0,2019-08-20 14:30:00
10045.0,2019-08-21 14:30:00
10102.0,2019-08-22 14:30:00
10404.89437614,2019-08-23 14:30:00
10001.0,2019-08-24 14:30:00
10016.0,2019-08-25 14:30:00
10343.0,2019-08-26 14:30:00
10143.0,2019-08-27 14:30:00
10187.0,2019-08-28 14:30:00
9465.0,2019-08-29 14:30:00
9591.1,2019-08-30 14:30:00
9599.4,2019-08-31 14:30:00
9601.1450907,2019-09-01 14:30:00
9960.69230318,2019-09-02 14:30:00
10714.0,2019-09-03 14:30:00
10451.0,2019-09-04 14:30:00
10572.0,2019-09-05 14:30:00
10876.0,2019-09-06 14:30:00
10426.0,2019-09-07 14:30:00
10432.0,2019-09-08 14:30:00
10386.0,2019-09-09 14:30:00
10209.62093,2019-09-10 14:30:00
10005.0,2019-09-11 14:30:00
10308.0,2019-09-12 14:30:00
10309.81241693,2019-09-13 14:30:00
10381.0,2019-09-14 14:30:00
10319.0,2019-09-15 14:30:00
10184.26921709,2019-09-16 14:30:00
10214.0,2019-09-17 14:30:00
10220.0,2019-09-18 14:30:00
9891.0,2019-09-19 14:30:00
10210.0,2019-09-20 14:30:00
10015.0,2019-09-21 14:30:00
9990.9589189,2019-09-22 14:30:00
9854.7,2019-09-23 14:30:00
9587.7756,2019-09-24 14:30:00
8465.9,2019-09-25 14:30:00
8303.79689854,2019-09-26 14:30:00
8048.0,2019-09-27 14:30:00
8152.2,2019-09-28 14:30:00
8056.4,2019-09-29 14:30:00
8193.99125316,2019-09-30 14:30:00
8367.9,2019-10-01 14:30:00
8234.2,2019-10-02 14:30:00
8143.45271299,2019-10-03 14:30:00
8181.0,2019-10-04 14:30:00
8091.0,2019-10-05 14:30:00
7916.552313600001,2019-10-06 14:30:00
8169.9,2019-10-07 14:30:00
8220.9,2019-10-08 14:30:00
8433.0,2019-10-09 14:30:00
8528.8,2019-10-10 14:30:00
8331.11386536,2019-10-11 14:30:00
8338.7,2019-10-12 14:30:00
8424.4,2019-10-13 14:30:00
8290.0,2019-10-14 14:30:00
8327.9,2019-10-15 14:30:00
7994.1,2019-10-16 14:30:00
8072.6,2019-10-17 14:30:00
7945.0,2019-10-18 14:30:00
8053.2,2019-10-19 14:30:00
8002.5,2019-10-20 14:30:00
8274.9,2019-10-21 14:30:00
8250.0,2019-10-22 14:30:00
7503.5,2019-10-23 14:30:00
7510.0,2019-10-24 14:30:00
7685.3,2019-10-25 14:30:00
9196.0,2019-10-26 14:30:00
9517.7,2019-10-27 14:30:00
9367.8,2019-10-28 14:30:00
9355.9,2019-10-29 14:30:00
9139.97670367,2019-10-30 14:30:00
9289.73858837,2019-10-31 14:30:00
9168.26663311,2019-11-01 14:30:00
9398.2,2019-11-02 14:30:00
9190.8,2019-11-03 14:30:00
9292.8,2019-11-04 14:30:00
9294.3,2019-11-05 14:30:00
9350.8,2019-11-06 14:30:00
9220.4,2019-11-07 14:30:00
8806.08287537,2019-11-08 14:30:00
8860.2,2019-11-09 14:30:00
8839.5,2019-11-10 14:30:00
8741.4,2019-11-11 14:30:00
8690.4,2019-11-12 14:30:00
8782.0,2019-11-13 14:30:00
8680.0,2019-11-14 14:30:00
8500.0,2019-11-15 14:30:00
8496.2,2019-11-16 14:30:00
8551.82670517,2019-11-17 14:30:00
8477.113249,2019-11-18 14:30:00
8127.5,2019-11-19 14:30:00
8135.0,2019-11-20 14:30:00
7893.5,2019-11-21 14:30:00
6971.4,2019-11-22 14:30:00
7258.1873986,2019-11-23 14:30:00
7184.4,2019-11-24 14:30:00
7251.5492531,2019-11-25 14:30:00
7137.3,2019-11-26 14:30:00
7245.2,2019-11-27 14:30:00
7487.5,2019-11-28 14:30:00
7792.7,2019-11-29 14:30:00
7615.1,2019-11-30 14:30:00
7475.92807765,2019-12-01 14:30:00
7374.3,2019-12-02 14:30:00
7354.4,2019-12-03 14:30:00
7545.6,2019-12-04 14:30:00
7427.8,2019-12-05 14:30:00
7430.1,2019-12-06 14:30:00
7575.5,2019-12-07 14:30:00
7565.2,2019-12-08 14:30:00
7556.7,2019-12-09 14:30:00
7374.98108725,2019-12-10 14:30:00
7266.5,2019-12-11 14:30:00
7210.082450100002,2019-12-12 14:30:00
7254.98730541,2019-12-13 14:30:00
7164.1,2019-12-14 14:30:00
7130.74092811,2019-12-15 14:30:00
7167.0,2019-12-16 14:30:00
6794.6,2019-12-17 14:30:00
6717.0,2019-12-18 14:30:00
7122.6,2019-12-19 14:30:00
7196.1,2019-12-20 14:30:00
7163.52502414,2019-12-21 14:30:00
7195.3,2019-12-22 14:30:00
7559.0,2019-12-23 14:30:00
7424.0,2019-12-24 14:30:00
7200.62008957,2019-12-25 14:30:00
7230.1,2019-12-26 14:30:00
7232.69704214,2019-12-27 14:30:00
7342.0,2019-12-28 14:30:00
7426.6,2019-12-29 14:30:00
7341.1,2019-12-30 14:30:00
7263.3,2019-12-31 14:30:00
7244.0,2020-01-01 14:30:00
7149.00704407,2020-01-02 14:30:00
7295.8,2020-01-03 14:30:00
7335.6,2020-01-04 14:30:00
7452.4,2020-01-05 14:30:00
7543.0,2020-01-06 14:30:00
7881.2,2020-01-07 14:30:00
8288.06280883,2020-01-08 14:30:00
7889.41097049,2020-01-09 14:30:00
7912.5,2020-01-10 14:30:00
8075.0,2020-01-11 14:30:00
8118.4,2020-01-12 14:30:00
8064.3,2020-01-13 14:30:00
8653.0,2020-01-14 14:30:00
8837.4,2020-01-15 14:30:00
8653.0,2020-01-16 14:30:00
8768.5,2020-01-17 14:30:00
8931.9,2020-01-18 14:30:00
8627.0,2020-01-19 14:30:00
8626.3,2020-01-20 14:30:00
8644.9,2020-01-21 14:30:00
8638.4771073,2020-01-22 14:30:00
8335.0,2020-01-23 14:30:00
8473.4,2020-01-24 14:30:00
8339.3,2020-01-25 14:30:00
8458.7,2020-01-26 14:30:00
8746.1,2020-01-27 14:30:00
9181.9,2020-01-28 14:30:00
9342.6,2020-01-29 14:30:00
9361.1,2020-01-30 14:30:00
9256.4,2020-01-31 14:30:00
9346.0,2020-02-01 14:30:00
9440.9,2020-02-02 14:30:00
9336.5,2020-02-03 14:30:00
9146.5,2020-02-04 14:30:00
9432.41103536,2020-02-05 14:30:00
9772.3,2020-02-06 14:30:00
9756.0,2020-02-07 14:30:00
9809.1,2020-02-08 14:30:00
10090.0,2020-02-09 14:30:00
9818.1,2020-02-10 14:30:00
9787.5,2020-02-11 14:30:00
10385.0,2020-02-12 14:30:00
10288.01801185,2020-02-13 14:30:00
10287.09430268,2020-02-14 14:30:00
10239.0,2020-02-15 14:30:00
9944.34024494,2020-02-16 14:30:00
9518.0,2020-02-17 14:30:00
9659.0,2020-02-18 14:30:00
10151.0,2020-02-19 14:30:00
9599.3,2020-02-20 14:30:00
9715.0,2020-02-21 14:30:00
9645.6,2020-02-22 14:30:00
9915.8,2020-02-23 14:30:00
9821.86356907,2020-02-24 14:30:00
9472.8,2020-02-25 14:30:00
9020.5,2020-02-26 14:30:00
8853.7,2020-02-27 14:30:00
8595.9848288,2020-02-28 14:30:00
8628.9,2020-02-29 14:30:00
8622.63854018,2020-03-01 14:30:00
8900.0,2020-03-02 14:30:00
8794.3,2020-03-03 14:30:00
8795.1,2020-03-04 14:30:00
9103.97997084,2020-03-05 14:30:00
9126.5,2020-03-06 14:30:00
9131.90990094,2020-03-07 14:30:00
8685.86728657,2020-03-08 14:30:00
7818.1,2020-03-09 14:30:00
8135.1,2020-03-10 14:30:00
7879.0,2020-03-11 14:30:00
6083.6,2020-03-12 14:30:00
5778.0,2020-03-13 14:30:00
5395.49585771,2020-03-14 14:30:00
5315.2,2020-03-15 14:30:00
5010.0,2020-03-16 14:30:00
5257.7,2020-03-17 14:30:00
5353.7,2020-03-18 14:30:00
5835.6,2020-03-19 14:30:00
6670.4,2020-03-20 14:30:00
6165.4,2020-03-21 14:30:00
6023.0612,2020-03-22 14:30:00
6234.8,2020-03-23 14:30:00
6720.1,2020-03-24 14:30:00
6631.4,2020-03-25 14:30:00
6630.6,2020-03-26 14:30:00
6618.0,2020-03-27 14:30:00
6260.4,2020-03-28 14:30:00
6145.0,2020-03-29 14:30:00
6338.8,2020-03-30 14:30:00
6491.138618999999,2020-03-31 14:30:00
6246.9,2020-04-01 14:30:00
6695.0,2020-04-02 14:30:00
6830.0,2020-04-03 14:30:00
6738.96645838,2020-04-04 14:30:00
6794.9,2020-04-05 14:30:00
7098.1,2020-04-06 14:30:00
7318.1,2020-04-07 14:30:00
7265.0,2020-04-08 14:30:00
7328.46190892,2020-04-09 14:30:00
6874.96370815,2020-04-10 14:30:00
6837.7,2020-04-11 14:30:00
6958.3,2020-04-12 14:30:00
6737.17991881,2020-04-13 14:30:00
6935.0,2020-04-14 14:30:00
6760.0,2020-04-15 14:30:00
7031.5,2020-04-16 14:30:00
7054.1,2020-04-17 14:30:00
7249.9,2020-04-18 14:30:00
7098.4,2020-04-19 14:30:00
7042.9,2020-04-20 14:30:00
6864.8,2020-04-21 14:30:00
7144.8,2020-04-22 14:30:00
7558.9,2020-04-23 14:30:00
7450.0,2020-04-24 14:30:00
7576.84466702,2020-04-25 14:30:00
7664.1,2020-04-26 14:30:00
7667.9,2020-04-27 14:30:00
7722.25229766,2020-04-28 14:30:00
8293.9,2020-04-29 14:30:00
8835.89470775,2020-04-30 14:30:00
8791.6,2020-05-01 14:30:00
8907.6,2020-05-02 14:30:00
8876.6,2020-05-03 14:30:00
8801.0,2020-05-04 14:30:00
8848.630195200001,2020-05-05 14:30:00
9241.4968208,2020-05-06 14:30:00
9524.8,2020-05-07 14:30:00
9940.0022407,2020-05-08 14:30:00
9680.715686,2020-05-09 14:30:00
8750.0236,2020-05-10 14:30:00
8883.2,2020-05-11 14:30:00
8887.4,2020-05-12 14:30:00
9098.7,2020-05-13 14:30:00
9712.7,2020-05-14 14:30:00
9563.07446422,2020-05-15 14:30:00
9444.9,2020-05-16 14:30:00
9769.4,2020-05-17 14:30:00
9718.82358861,2020-05-18 14:30:00
9687.0,2020-05-19 14:30:00
9766.30685357,2020-05-20 14:30:00
9178.52377019,2020-05-21 14:30:00
9147.42538269,2020-05-22 14:30:00
9188.1,2020-05-23 14:30:00
9066.30346049,2020-05-24 14:30:00
8823.73447145,2020-05-25 14:30:00
8855.035288299998,2020-05-26 14:30:00
9149.9779375,2020-05-27 14:30:00
9456.0401485,2020-05-28 14:30:00
9449.12100413,2020-05-29 14:30:00
9567.8,2020-05-30 14:30:00
9535.6,2020-05-31 14:30:00
9559.0,2020-06-01 14:30:00
10155.0,2020-06-02 14:30:00
9565.6,2020-06-03 14:30:00
9748.46565616,2020-06-04 14:30:00
9714.61941089,2020-06-05 14:30:00
9655.0,2020-06-06 14:30:00
9497.10339396,2020-06-07 14:30:00
9703.04194618,2020-06-08 14:30:00
9689.9,2020-06-09 14:30:00
9741.4,2020-06-10 14:30:00
9650.5,2020-06-11 14:30:00
9475.09301448,2020-06-12 14:30:00
9447.5,2020-06-13 14:30:00
9384.7,2020-06-14 14:30:00
9207.2,2020-06-15 14:30:00
9514.1,2020-06-16 14:30:00
9389.87464997,2020-06-17 14:30:00
9417.71190576,2020-06-18 14:30:00
9394.0,2020-06-19 14:30:00
9297.99502942,2020-06-20 14:30:00
9353.7,2020-06-21 14:30:00
9484.71717966,2020-06-22 14:30:00
9672.0,2020-06-23 14:30:00
9348.0,2020-06-24 14:30:00
9268.36932931,2020-06-25 14:30:00
9082.55519462,2020-06-26 14:30:00
9155.3,2020-06-27 14:30:00
9151.3,2020-06-28 14:30:00
9075.0,2020-06-29 14:30:00
9159.6657179,2020-06-30 14:30:00
9250.27031047,2020-07-01 14:30:00
9231.4,2020-07-02 14:30:00
9100.0,2020-07-03 14:30:00
9083.3,2020-07-04 14:30:00
9036.1,2020-07-05 14:30:00
9251.2,2020-07-06 14:30:00
9289.3,2020-07-07 14:30:00
9439.1,2020-07-08 14:30:00
9389.10935962,2020-07-09 14:30:00
9197.4,2020-07-10 14:30:00
9230.04287005,2020-07-11 14:30:00
9225.97667235,2020-07-12 14:30:00
9341.9989488,2020-07-13 14:30:00
9212.0,2020-07-14 14:30:00
9244.328658,2020-07-15 14:30:00
9096.53334171,2020-07-16 14:30:00
9154.1,2020-07-17 14:30:00
9175.1,2020-07-18 14:30:00
9143.71341499,2020-07-19 14:30:00
9185.3,2020-07-20 14:30:00
9411.85241808,2020-07-21 14:30:00
9343.03865139,2020-07-22 14:30:00
9509.0,2020-07-23 14:30:00
9542.8,2020-07-24 14:30:00
9603.5,2020-07-25 14:30:00
9940.0,2020-07-26 14:30:00
10321.0,2020-07-27 14:30:00
11133.0,2020-07-28 14:30:00
11123.0,2020-07-29 14:30:00
11017.0,2020-07-30 14:30:00
11185.0,2020-07-31 14:30:00
11525.0,2020-08-01 14:30:00
11130.0,2020-08-02 14:30:00
11310.0,2020-08-03 14:30:00
11135.98065418,2020-08-04 14:30:00
11596.0,2020-08-05 14:30:00
11865.0,2020-08-06 14:30:00
11559.27764842,2020-08-07 14:30:00
11741.21323705,2020-08-08 14:30:00
11592.44992235,2020-08-09 14:30:00
11961.0,2020-08-10 14:30:00
11592.0,2020-08-11 14:30:00
11538.0,2020-08-12 14:30:00
11515.0,2020-08-13 14:30:00
11698.63968628,2020-08-14 14:30:00
11837.6690376,2020-08-15 14:30:00
11817.0,2020-08-16 14:30:00
12159.0,2020-08-17 14:30:00
11922.0,2020-08-18 14:30:00
11878.91802491,2020-08-19 14:30:00
11853.0,2020-08-20 14:30:00
11743.90468711,2020-08-21 14:30:00
11585.610568,2020-08-22 14:30:00
11633.0,2020-08-23 14:30:00
11796.89264234,2020-08-24 14:30:00
11404.90485496,2020-08-25 14:30:00
11475.374811,2020-08-26 14:30:00
11327.837148,2020-08-27 14:30:00
11454.0,2020-08-28 14:30:00
11486.727343,2020-08-29 14:30:00
11636.0,2020-08-30 14:30:00
11725.0,2020-08-31 14:30:00
11859.49892215,2020-09-01 14:30:00
11380.0,2020-09-02 14:30:00
10879.311652,2020-09-03 14:30:00
10343.0,2020-09-04 14:30:00
10298.0,2020-09-05 14:30:00
10235.10373359,2020-09-06 14:30:00
10110.80784,2020-09-07 14:30:00
10155.98736525,2020-09-08 14:30:00
10280.0,2020-09-09 14:30:00
10460.0,2020-09-10 14:30:00
10300.0,2020-09-11 14:30:00
10348.06773,2020-09-12 14:30:00
10320.00095393,2020-09-13 14:30:00
10655.0,2020-09-14 14:30:00
10864.0,2020-09-15 14:30:00
10893.0,2020-09-16 14:30:00
10843.0,2020-09-17 14:30:00
10957.81702944,2020-09-18 14:30:00
11102.0,2020-09-19 14:30:00
10869.565555,2020-09-20 14:30:00
10530.0,2020-09-21 14:30:00
10525.0,2020-09-22 14:30:00
10502.13278611,2020-09-23 14:30:00
10415.153232,2020-09-24 14:30:00
10627.27110592,2020-09-25 14:30:00
10752.0,2020-09-26 14:30:00
10683.10602073,2020-09-27 14:30:00
10927.0,2020-09-28 14:30:00
10807.0,2020-09-29 14:30:00
10768.876596,2020-09-30 14:30:00
10863.0,2020-10-01 14:30:00
10535.0,2020-10-02 14:30:00
10557.0,2020-10-03 14:30:00
10617.05506763,2020-10-04 14:30:00
10753.0,2020-10-05 14:30:00
10709.0,2020-10-06 14:30:00
10629.0,2020-10-07 14:30:00
10752.48620883,2020-10-08 14:30:00
11065.0,2020-10-09 14:30:00
11340.0,2020-10-10 14:30:00
11399.0,2020-10-11 14:30:00
11504.0,2020-10-12 14:30:00
11390.758522,2020-10-13 14:30:00
11418.0,2020-10-14 14:30:00
11400.920671,2020-10-15 14:30:00
11385.0,2020-10-16 14:30:00
11352.0,2020-10-17 14:30:00
11463.08762302,2020-10-18 14:30:00
11659.95577287,2020-10-19 14:30:00
11931.0,2020-10-20 14:30:00
12729.0,2020-10-21 14:30:00
12862.0,2020-10-22 14:30:00
12955.788741,2020-10-23 14:30:00
12995.53324458,2020-10-24 14:30:00
13014.34293537,2020-10-25 14:30:00
13190.0,2020-10-26 14:30:00
13363.31918944,2020-10-27 14:30:00
13051.101942,2020-10-28 14:30:00
13380.0,2020-10-29 14:30:00
13315.47349222,2020-10-30 14:30:00
13789.0,2020-10-31 14:30:00
13786.0,2020-11-01 14:30:00
13408.71153298,2020-11-02 14:30:00
13690.0,2020-11-03 14:30:00
13779.0,2020-11-04 14:30:00
14868.7891557,2020-11-05 14:30:00
15516.0,2020-11-06 14:30:00
15447.0,2020-11-07 14:30:00
15270.0,2020-11-08 14:30:00
15323.0,2020-11-09 14:30:00
15295.09651093,2020-11-10 14:30:00
15597.0,2020-11-11 14:30:00
16017.0,2020-11-12 14:30:00
16211.24005254,2020-11-13 14:30:00
16027.0,2020-11-14 14:30:00
16086.0,2020-11-15 14:30:00
16414.23965373,2020-11-16 14:30:00
17051.0,2020-11-17 14:30:00
17873.0,2020-11-18 14:30:00
17882.0,2020-11-19 14:30:00
18376.0,2020-11-20 14:30:00
18663.0,2020-11-21 14:30:00
18268.0554375,2020-11-22 14:30:00
18544.0,2020-11-23 14:30:00
19236.208832,2020-11-24 14:30:00
19180.0,2020-11-25 14:30:00
16957.98266206,2020-11-26 14:30:00
16939.82745478,2020-11-27 14:30:00
17360.0,2020-11-28 14:30:00
18118.0,2020-11-29 14:30:00
19268.0,2020-11-30 14:30:00
18927.0,2020-12-01 14:30:00
18940.0,2020-12-02 14:30:00
19394.0,2020-12-03 14:30:00
19139.0,2020-12-04 14:30:00
19010.0,2020-12-05 14:30:00
19099.86354195,2020-12-06 14:30:00
19233.914625,2020-12-07 14:30:00
18971.0,2020-12-08 14:30:00
18468.0,2020-12-09 14:30:00
18091.0,2020-12-10 14:30:00
18036.0,2020-12-11 14:30:00
18466.0,2020-12-12 14:30:00
19325.0,2020-12-13 14:30:00
19102.0,2020-12-14 14:30:00
19316.0,2020-12-15 14:30:00
20524.4778384,2020-12-16 14:30:00
23050.0,2020-12-17 14:30:00
22512.0,2020-12-18 14:30:00
23232.0,2020-12-19 14:30:00
23557.0,2020-12-20 14:30:00
22707.0,2020-12-21 14:30:00
23494.927995,2020-12-22 14:30:00
23640.0,2020-12-23 14:30:00
23331.0,2020-12-24 14:30:00
24476.0,2020-12-25 14:30:00
25213.0,2020-12-26 14:30:00
27585.4432,2020-12-27 14:30:00
27216.03073644,2020-12-28 14:30:00
26785.0,2020-12-29 14:30:00
27956.0,2020-12-30 14:30:00
28166.0,2020-12-31 14:30:00
29481.0,2021-01-01 14:30:00
31108.0,2021-01-02 14:30:00
34024.0,2021-01-03 14:30:00
31857.0,2021-01-04 14:30:00
31576.0,2021-01-05 14:30:00
34427.265016000005,2021-01-06 14:30:00
38485.0,2021-01-07 14:30:00
41199.0,2021-01-08 14:30:00
41149.0,2021-01-09 14:30:00
39824.0,2021-01-10 14:30:00
33501.0,2021-01-11 14:30:00
33080.0,2021-01-12 14:30:00
34894.0,2021-01-13 14:30:00
39346.0,2021-01-14 14:30:00
37157.0,2021-01-15 14:30:00
36917.0,2021-01-16 14:30:00
34988.0,2021-01-17 14:30:00
36897.25692647,2021-01-18 14:30:00
37250.0,2021-01-19 14:30:00
35041.0,2021-01-20 14:30:00
31784.0,2021-01-21 14:30:00
32572.0,2021-01-22 14:30:00
31881.0,2021-01-23 14:30:00
32293.159444,2021-01-24 14:30:00
34650.0,2021-01-25 14:30:00
31522.0,2021-01-26 14:30:00
30183.0,2021-01-27 14:30:00
31861.0,2021-01-28 14:30:00
38202.0,2021-01-29 14:30:00
34179.0,2021-01-30 14:30:00
33540.0,2021-01-31 14:30:00
33872.0,2021-02-01 14:30:00
34600.0,2021-02-02 14:30:00
36647.0,2021-02-03 14:30:00
37509.0,2021-02-04 14:30:00
38160.0,2021-02-05 14:30:00
40454.0,2021-02-06 14:30:00
38517.19589731,2021-02-07 14:30:00
43867.0,2021-02-08 14:30:00
46304.0,2021-02-09 14:30:00
45320.62698333,2021-02-10 14:30:00
47715.0,2021-02-11 14:30:00
47281.0,2021-02-12 14:30:00
46841.0,2021-02-13 14:30:00
48920.0,2021-02-14 14:30:00
47835.0,2021-02-15 14:30:00
49205.0,2021-02-16 14:30:00
50989.0,2021-02-17 14:30:00
51961.0,2021-02-18 14:30:00
52736.0,2021-02-19 14:30:00
57090.0,2021-02-20 14:30:00
57248.98198056,2021-02-21 14:30:00
51104.0,2021-02-22 14:30:00
48566.9669586,2021-02-23 14:30:00
49499.0,2021-02-24 14:30:00
51002.0,2021-02-25 14:30:00
46761.0,2021-02-26 14:30:00
47154.0,2021-02-27 14:30:00
44330.0,2021-02-28 14:30:00
48249.0,2021-03-01 14:30:00
49651.69293511,2021-03-02 14:30:00
51101.0,2021-03-03 14:30:00
49687.0,2021-03-04 14:30:00
48688.41412672,2021-03-05 14:30:00
47462.0,2021-03-06 14:30:00
50300.22612368,2021-03-07 14:30:00
50962.0,2021-03-08 14:30:00
54693.0,2021-03-09 14:30:00
56101.0,2021-03-10 14:30:00
56995.63627616,2021-03-11 14:30:00
56111.0,2021-03-12 14:30:00
60143.0,2021-03-13 14:30:00
60257.0,2021-03-14 14:30:00
57119.62643200001,2021-03-15 14:30:00
55391.643952,2021-03-16 14:30:00
54783.0,2021-03-17 14:30:00
57838.0,2021-03-18 14:30:00
58500.0,2021-03-19 14:30:00
59282.492673,2021-03-20 14:30:00
57140.0,2021-03-21 14:30:00
56860.0,2021-03-22 14:30:00
55050.0,2021-03-23 14:30:00
56583.0,2021-03-24 14:30:00
51574.0,2021-03-25 14:30:00
53223.41629616,2021-03-26 14:30:00
54523.0,2021-03-27 14:30:00
55582.0,2021-03-28 14:30:00
58059.0,2021-03-29 14:30:00
58959.0,2021-03-30 14:30:00
58592.0,2021-03-31 14:30:00
59058.0,2021-04-01 14:30:00
59121.0,2021-04-02 14:30:00
59353.0,2021-04-03 14:30:00
58195.0,2021-04-04 14:30:00
58750.0,2021-04-05 14:30:00
57552.0,2021-04-06 14:30:00
56800.0,2021-04-07 14:30:00
57900.0,2021-04-08 14:30:00
58180.0,2021-04-09 14:30:00
60598.0,2021-04-10 14:30:00
59506.0,2021-04-11 14:30:00
60325.589385,2021-04-12 14:30:00
62838.0,2021-04-13 14:30:00
62941.0,2021-04-14 14:30:00
62859.0,2021-04-15 14:30:00
61411.0,2021-04-16 14:30:00
60900.0,2021-04-17 14:30:00
55628.0,2021-04-18 14:30:00
55875.07493248,2021-04-19 14:30:00
56056.0,2021-04-20 14:30:00
55575.0,2021-04-21 14:30:00
54694.16696900001,2021-04-22 14:30:00
49457.24487,2021-04-23 14:30:00
49482.0,2021-04-24 14:30:00
50176.55794044,2021-04-25 14:30:00
53672.0,2021-04-26 14:30:00
54992.02370800001,2021-04-27 14:30:00
54695.03312789,2021-04-28 14:30:00
53676.17225112,2021-04-29 14:30:00
56108.1112501,2021-04-30 14:30:00
57383.0,2021-05-01 14:30:00
56844.0,2021-05-02 14:30:00
57863.0,2021-05-03 14:30:00
55175.0,2021-05-04 14:30:00
55960.0,2021-05-05 14:30:00
57293.45095072,2021-05-06 14:30:00
57010.0,2021-05-07 14:30:00
58776.0,2021-05-08 14:30:00
57299.0,2021-05-09 14:30:00
57435.0,2021-05-10 14:30:00
55695.0,2021-05-11 14:30:00
56782.0,2021-05-12 14:30:00
50575.0,2021-05-13 14:30:00
50713.0,2021-05-14 14:30:00
48983.39020332,2021-05-15 14:30:00
48464.5103071,2021-05-16 14:30:00
44281.0,2021-05-17 14:30:00
43183.0,2021-05-18 14:30:00
35600.0,2021-05-19 14:30:00
41677.52166280001,2021-05-20 14:30:00
38616.0,2021-05-21 14:30:00
38333.16685629,2021-05-22 14:30:00
33671.0,2021-05-23 14:30:00
37634.01266128,2021-05-24 14:30:00
37931.0,2021-05-25 14:30:00
39059.61047905,2021-05-26 14:30:00
40327.89278513,2021-05-27 14:30:00
36860.86981127,2021-05-28 14:30:00
34898.0,2021-05-29 14:30:00
35168.163427,2021-05-30 14:30:00
36490.0,2021-05-31 14:30:00
36893.0611945,2021-06-01 14:30:00
37938.20721627,2021-06-02 14:30:00
38495.02882505,2021-06-03 14:30:00
36397.0,2021-06-04 14:30:00
35918.0,2021-06-05 14:30:00
35698.0,2021-06-06 14:30:00
36007.0,2021-06-07 14:30:00
31981.96606624,2021-06-08 14:30:00
34971.0,2021-06-09 14:30:00
37198.0,2021-06-10 14:30:00
37210.14734114,2021-06-11 14:30:00
35673.0,2021-06-12 14:30:00
35809.81673095,2021-06-13 14:30:00
40883.26829027,2021-06-14 14:30:00
39976.0,2021-06-15 14:30:00
39176.0,2021-06-16 14:30:00
38924.57370018,2021-06-17 14:30:00
36729.0,2021-06-18 14:30:00
36120.0,2021-06-19 14:30:00
34227.0,2021-06-20 14:30:00
32866.0,2021-06-21 14:30:00
29974.0,2021-06-22 14:30:00
34035.78243419,2021-06-23 14:30:00
34042.0,2021-06-24 14:30:00
33021.0,2021-06-25 14:30:00
30974.0,2021-06-26 14:30:00
33008.0,2021-06-27 14:30:00
34442.35645041,2021-06-28 14:30:00
36237.48535483,2021-06-29 14:30:00
34991.0,2021-06-30 14:30:00
33111.0,2021-07-01 14:30:00
33679.0,2021-07-02 14:30:00
34758.0,2021-07-03 14:30:00
35383.0,2021-07-04 14:30:00
33586.0,2021-07-05 14:30:00
34088.0,2021-07-06 14:30:00
34744.02684273,2021-07-07 14:30:00
32600.79126407,2021-07-08 14:30:00
33483.0,2021-07-09 14:30:00
33723.0,2021-07-10 14:30:00
33878.0,2021-07-11 14:30:00
33429.26143275,2021-07-12 14:30:00
32547.0,2021-07-13 14:30:00
32793.0,2021-07-14 14:30:00
31752.0,2021-07-15 14:30:00
31905.0,2021-07-16 14:30:00
31725.0,2021-07-17 14:30:00
31693.0,2021-07-18 14:30:00
30690.0,2021-07-19 14:30:00
29704.62643932,2021-07-20 14:30:00
31645.0,2021-07-21 14:30:00
32105.0,2021-07-22 14:30:00
32562.0,2021-07-23 14:30:00
33864.0,2021-07-24 14:30:00
33971.0,2021-07-25 14:30:00
38430.0,2021-07-26 14:30:00
38181.0,2021-07-27 14:30:00
39639.0,2021-07-28 14:30:00
39900.0,2021-07-29 14:30:00
39019.0,2021-07-30 14:30:00
41468.0,2021-07-31 14:30:00
41306.0,2021-08-01 14:30:00
39614.94352737,2021-08-02 14:30:00
38585.0,2021-08-03 14:30:00
39053.33475038,2021-08-04 14:30:00
38346.0,2021-08-05 14:30:00
40692.0,2021-08-06 14:30:00
43416.0,2021-08-07 14:30:00
44305.0,2021-08-08 14:30:00
45778.72016712,2021-08-09 14:30:00
45455.87675365,2021-08-10 14:30:00
46387.0,2021-08-11 14:30:00
44263.0,2021-08-12 14:30:00
46434.86564068,2021-08-13 14:30:00
46767.0,2021-08-14 14:30:00
46310.0,2021-08-15 14:30:00
46331.0,2021-08-16 14:30:00
45944.0,2021-08-17 14:30:00
45306.0,2021-08-18 14:30:00
45267.0,2021-08-19 14:30:00
47941.0,2021-08-20 14:30:00
49026.0,2021-08-21 14:30:00
48790.53010808,2021-08-22 14:30:00
50066.0,2021-08-23 14:30:00
48599.0,2021-08-24 14:30:00
48163.0,2021-08-25 14:30:00
47141.0,2021-08-26 14:30:00
48114.0,2021-08-27 14:30:00
48566.0,2021-08-28 14:30:00
48320.0,2021-08-29 14:30:00
47866.0,2021-08-30 14:30:00
47541.0,2021-08-31 14:30:00
47595.0,2021-09-01 14:30:00
49996.1406217,2021-09-02 14:30:00
50937.0,2021-09-03 14:30:00
49903.0,2021-09-04 14:30:00
50452.0,2021-09-05 14:30:00
51669.08149788,2021-09-06 14:30:00
49822.0,2021-09-07 14:30:00
46259.0,2021-09-08 14:30:00
47020.0,2021-09-09 14:30:00
45236.0,2021-09-10 14:30:00
45673.0,2021-09-11 14:30:00
45949.0,2021-09-12 14:30:00
44122.0,2021-09-13 14:30:00
46330.0,2021-09-14 14:30:00
47778.65366001,2021-09-15 14:30:00
47630.0,2021-09-16 14:30:00
47491.14176614,2021-09-17 14:30:00
48520.0,2021-09-18 14:30:00
47505.0,2021-09-19 14:30:00
44002.0,2021-09-20 14:30:00
42704.0,2021-09-21 14:30:00
42481.0,2021-09-22 14:30:00
44116.0,2021-09-23 14:30:00
42434.0,2021-09-24 14:30:00
42339.73205966,2021-09-25 14:30:00
43268.0,2021-09-26 14:30:00
43610.56310407,2021-09-27 14:30:00
41508.0,2021-09-28 14:30:00
42207.7959817,2021-09-29 14:30:00
43065.0,2021-09-30 14:30:00
47089.0,2021-10-01 14:30:00
47896.0,2021-10-02 14:30:00
48013.0,2021-10-03 14:30:00
48202.18176286,2021-10-04 14:30:00
49994.0,2021-10-05 14:30:00
54235.0,2021-10-06 14:30:00
54474.0,2021-10-07 14:30:00
54384.0,2021-10-08 14:30:00
55219.0,2021-10-09 14:30:00
55263.0,2021-10-10 14:30:00
57375.0,2021-10-11 14:30:00
56983.0,2021-10-12 14:30:00
54769.0,2021-10-13 14:30:00
57499.0,2021-10-14 14:30:00
59993.0,2021-10-15 14:30:00
61116.0,2021-10-16 14:30:00
60783.0,2021-10-17 14:30:00
62054.2423282,2021-10-18 14:30:00
61695.0,2021-10-19 14:30:00
66267.0,2021-10-20 14:30:00
63713.0,2021-10-21 14:30:00
61853.0,2021-10-22 14:30:00
61230.0,2021-10-23 14:30:00
60315.0,2021-10-24 14:30:00
63034.0,2021-10-25 14:30:00
62089.0,2021-10-26 14:30:00
58870.0,2021-10-27 14:30:00
61384.0,2021-10-28 14:30:00
61108.0,2021-10-29 14:30:00
61081.0,2021-10-30 14:30:00
60560.0,2021-10-31 14:30:00
61782.0,2021-11-01 14:30:00
63348.0,2021-11-02 14:30:00
61984.0,2021-11-03 14:30:00
62026.0,2021-11-04 14:30:00
61639.0,2021-11-05 14:30:00
60432.0,2021-11-06 14:30:00
62034.0,2021-11-07 14:30:00
65486.0,2021-11-08 14:30:00
67764.56236658,2021-11-09 14:30:00
68412.0,2021-11-10 14:30:00
64543.0,2021-11-11 14:30:00
63767.0,2021-11-12 14:30:00
64572.0,2021-11-13 14:30:00
64373.0,2021-11-14 14:30:00
65094.22631474,2021-11-15 14:30:00
60730.0,2021-11-16 14:30:00
60255.0,2021-11-17 14:30:00
59021.0,2021-11-18 14:30:00
57751.0,2021-11-19 14:30:00
58367.04,2021-11-20 14:30:00
58750.14,2021-11-21 14:30:00
58210.54,2021-11-22 14:30:00
57158.16,2021-11-23 14:30:00
56158.0,2021-11-24 14:30:00
58604.22,2021-11-25 14:30:00
54710.03,2021-11-26 14:30:00
54993.88,2021-11-27 14:30:00
54407.97,2021-11-28 14:30:00
57112.0,2021-11-29 14:30:00
58253.29,2021-11-30 14:30:00
58433.05,2021-12-01 14:30:00
56535.83,2021-12-02 14:30:00
56649.7,2021-12-03 14:30:00
47414.22,2021-12-04 14:30:00
49040.42,2021-12-05 14:30:00
48558.67,2021-12-06 14:30:00
51003.03,2021-12-07 14:30:00
50187.93,2021-12-08 14:30:00
48971.1,2021-12-09 14:30:00
49533.22,2021-12-10 14:30:00
48307.67,2021-12-11 14:30:00
49671.52,2021-12-12 14:30:00
47914.43,2021-12-13 14:30:00
46967.9,2021-12-14 14:30:00
47670.04,2021-12-15 14:30:00
48756.85,2021-12-16 14:30:00
46702.35,2021-12-17 14:30:00
46856.47,2021-12-18 14:30:00
47300.7,2021-12-19 14:30:00
45718.57,2021-12-20 14:30:00
48716.06,2021-12-21 14:30:00
48752.76,2021-12-22 14:30:00
48545.5,2021-12-23 14:30:00
51073.72,2021-12-24 14:30:00
50715.62,2021-12-25 14:30:00
49765.13,2021-12-26 14:30:00
51262.05,2021-12-27 14:30:00
48995.31,2021-12-28 14:30:00
47350.0,2021-12-29 14:30:00
47228.98,2021-12-30 14:30:00
47966.68,2021-12-31 14:30:00
47008.05,2022-01-01 14:30:00
47070.58,2022-01-02 14:30:00
47128.37,2022-01-03 14:30:00
46921.28,2022-01-04 14:30:00
46439.99,2022-01-05 14:30:00
42917.99,2022-01-06 14:30:00
41821.0,2022-01-07 14:30:00
41909.74,2022-01-08 14:30:00
41577.95,2022-01-09 14:30:00
39901.32,2022-01-10 14:30:00
41402.48,2022-01-11 14:30:00
43848.07,2022-01-12 14:30:00
44226.0,2022-01-13 14:30:00
42330.01,2022-01-14 14:30:00
42929.22,2022-01-15 14:30:00
43217.44,2022-01-16 14:30:00
42714.46,2022-01-17 14:30:00
41399.96,2022-01-18 14:30:00
42309.14,2022-01-19 14:30:00
42489.34,2022-01-20 14:30:00
38524.71,2022-01-21 14:30:00
35493.65,2022-01-22 14:30:00
35555.47,2022-01-23 14:30:00
33516.81,2022-01-24 14:30:00
36585.99,2022-01-25 14:30:00
38379.65,2022-01-26 14:30:00
36875.78,2022-01-27 14:30:00
37063.64,2022-01-28 14:30:00
38111.79,2022-01-29 14:30:00
37795.71,2022-01-30 14:30:00
37410.0,2022-01-31 14:30:00
38358.14,2022-02-02 14:30:00
36662.86,2022-02-03 14:30:00
37894.09,2022-02-04 14:30:00
41439.45,2022-02-05 14:30:00
41798.01,2022-02-06 14:30:00
42865.31,2022-02-07 14:30:00
43686.25,2022-02-08 14:30:00
44000.0,2022-02-09 14:30:00
43676.15,2022-02-10 14:30:00
43665.68,2022-02-11 14:30:00
42078.95,2022-02-12 14:30:00
42473.94,2022-02-13 14:30:00
42724.12,2022-02-14 14:30:00
44205.82,2022-02-15 14:30:00
43584.03,2022-02-16 14:30:00
42132.6,2022-02-17 14:30:00
40366.17,2022-02-18 14:30:00
39875.8,2022-02-19 14:30:00
38158.01,2022-02-20 14:30:00
38566.13,2022-02-21 14:30:00
37589.15,2022-02-22 14:30:00
38934.51,2022-02-23 14:30:00
35424.44,2022-02-24 14:30:00
39156.54,2022-02-25 14:30:00
39146.18,2022-02-26 14:30:00
38967.59,2022-02-27 14:30:00
