Close,Date
93.3,2013-04-01 00:07:00
104.0,2013-04-02 00:07:00
116.53353,2013-04-03 00:07:00
134.65538166,2013-04-04 00:07:00
131.999,2013-04-05 00:07:00
142.3,2013-04-06 00:07:00
143.05,2013-04-07 00:07:00
163.2,2013-04-08 00:07:00
186.8,2013-04-09 00:07:00
228.656,2013-04-10 00:07:00
166.002,2013-04-11 00:07:00
97.0,2013-04-12 00:07:00
112.0,2013-04-13 00:07:00
91.169,2013-04-14 00:07:00
89.804,2013-04-15 00:07:00
84.48,2013-04-16 00:07:00
68.125,2013-04-17 00:07:00
93.01,2013-04-18 00:07:00
106.8,2013-04-19 00:07:00
117.039,2013-04-20 00:07:00
126.61,2013-04-21 00:07:00
119.91,2013-04-22 00:07:00
126.85,2013-04-23 00:07:00
143.484,2013-04-24 00:07:00
155.7,2013-04-25 00:07:00
141.5,2013-04-26 00:07:00
137.3,2013-04-27 00:07:00
128.7,2013-04-28 00:07:00
134.65,2013-04-29 00:07:00
143.898,2013-04-30 00:07:00
139.82,2013-05-01 00:07:00
113.111,2013-05-02 00:07:00
106.0,2013-05-03 00:07:00
96.06,2013-05-04 00:07:00
111.84,2013-05-05 00:07:00
116.47,2013-05-06 00:07:00
111.31,2013-05-07 00:07:00
110.59,2013-05-08 00:07:00
113.5,2013-05-09 00:07:00
112.0,2013-05-10 00:07:00
117.95,2013-05-11 00:07:00
115.58,2013-05-12 00:07:00
114.3,2013-05-13 00:07:00
117.979,2013-05-14 00:07:00
109.45,2013-05-15 00:07:00
109.1,2013-05-16 00:07:00
117.934,2013-05-17 00:07:00
117.61,2013-05-18 00:07:00
118.23,2013-05-19 00:07:00
118.45,2013-05-20 00:07:00
117.96,2013-05-21 00:07:00
117.0,2013-05-22 00:07:00
119.32,2013-05-23 00:07:00
123.88,2013-05-24 00:07:00
128.1,2013-05-25 00:07:00
128.99,2013-05-26 00:07:00
130.23,2013-05-27 00:07:00
126.25,2013-05-28 00:07:00
125.5,2013-05-29 00:07:00
130.35,2013-05-30 00:07:00
125.24,2013-05-31 00:07:00
127.91,2013-06-01 00:07:00
128.77,2013-06-02 00:07:00
123.11,2013-06-03 00:07:00
123.1,2013-06-04 00:07:00
120.43,2013-06-05 00:07:00
121.33,2013-06-06 00:07:00
118.5,2013-06-07 00:07:00
110.8,2013-06-08 00:07:00
109.13,2013-06-09 00:07:00
100.02,2013-06-10 00:07:00
104.69,2013-06-11 00:07:00
107.36,2013-06-12 00:07:00
106.0,2013-06-13 00:07:00
101.71,2013-06-14 00:07:00
99.0,2013-06-15 00:07:00
99.42,2013-06-16 00:07:00
98.74,2013-06-17 00:07:00
100.49,2013-06-18 00:07:00
104.0,2013-06-19 00:07:00
104.99,2013-06-20 00:07:00
102.62,2013-06-21 00:07:00
101.29,2013-06-22 00:07:00
100.23,2013-06-23 00:07:00
100.4,2013-06-24 00:07:00
99.2,2013-06-25 00:07:00
98.26,2013-06-26 00:07:00
98.69,2013-06-27 00:07:00
95.94,2013-06-28 00:07:00
89.2,2013-06-29 00:07:00
88.8,2013-06-30 00:07:00
89.55,2013-07-01 00:07:00
83.9,2013-07-02 00:07:00
89.0,2013-07-03 00:07:00
77.6,2013-07-04 00:07:00
79.4,2013-07-05 00:07:00
67.0,2013-07-06 00:07:00
66.12,2013-07-07 00:07:00
73.38,2013-07-08 00:07:00
74.35,2013-07-09 00:07:00
74.93,2013-07-10 00:07:00
86.7,2013-07-11 00:07:00
88.0,2013-07-12 00:07:00
90.2,2013-07-13 00:07:00
92.23,2013-07-14 00:07:00
89.01100000000002,2013-07-15 00:07:00
93.75,2013-07-16 00:07:00
91.49,2013-07-17 00:07:00
90.97,2013-07-18 00:07:00
84.49,2013-07-19 00:07:00
86.5,2013-07-20 00:07:00
85.0,2013-07-21 00:07:00
85.99,2013-07-22 00:07:00
85.33,2013-07-23 00:07:00
87.02,2013-07-24 00:07:00
88.48,2013-07-25 00:07:00
90.08,2013-07-26 00:07:00
89.95,2013-07-27 00:07:00
88.02,2013-07-28 00:07:00
92.84,2013-07-29 00:07:00
93.37,2013-07-30 00:07:00
96.68,2013-07-31 00:07:00
98.18,2013-08-01 00:07:00
96.55,2013-08-02 00:07:00
96.41,2013-08-03 00:07:00
95.5,2013-08-04 00:07:00
96.38,2013-08-05 00:07:00
97.4,2013-08-06 00:07:00
97.82,2013-08-07 00:07:00
97.0,2013-08-08 00:07:00
94.25,2013-08-09 00:07:00
92.28,2013-08-10 00:07:00
93.51,2013-08-11 00:07:00
94.0,2013-08-12 00:07:00
95.37,2013-08-13 00:07:00
97.78,2013-08-14 00:07:00
99.16,2013-08-15 00:07:00
98.08,2013-08-16 00:07:00
98.3,2013-08-17 00:07:00
99.4,2013-08-18 00:07:00
99.25,2013-08-19 00:07:00
102.85,2013-08-20 00:07:00
104.57,2013-08-21 00:07:00
110.43,2013-08-22 00:07:00
109.3,2013-08-23 00:07:00
107.89,2013-08-24 00:07:00
108.3,2013-08-25 00:07:00
113.28,2013-08-26 00:07:00
111.9,2013-08-27 00:07:00
117.7,2013-08-28 00:07:00
118.41,2013-08-29 00:07:00
118.5,2013-08-30 00:07:00
124.89,2013-08-31 00:07:00
127.8,2013-09-01 00:07:00
130.31,2013-09-02 00:07:00
129.45,2013-09-03 00:07:00
129.18,2013-09-04 00:07:00
122.24,2013-09-05 00:07:00
121.68,2013-09-06 00:07:00
117.28,2013-09-07 00:07:00
119.85,2013-09-08 00:07:00
118.38,2013-09-09 00:07:00
121.51,2013-09-10 00:07:00
122.07,2013-09-11 00:07:00
126.67,2013-09-12 00:07:00
127.0,2013-09-13 00:07:00
126.24,2013-09-14 00:07:00
124.5,2013-09-15 00:07:00
125.06,2013-09-16 00:07:00
125.68,2013-09-17 00:07:00
127.13,2013-09-18 00:07:00
127.01,2013-09-19 00:07:00
124.38,2013-09-20 00:07:00
122.88,2013-09-21 00:07:00
123.5,2013-09-22 00:07:00
123.08,2013-09-23 00:07:00
122.75,2013-09-24 00:07:00
124.09,2013-09-25 00:07:00
123.51,2013-09-26 00:07:00
125.02,2013-09-27 00:07:00
126.48,2013-09-28 00:07:00
127.0,2013-09-29 00:07:00
126.76,2013-09-30 00:07:00
125.95,2013-10-01 00:07:00
127.49,2013-10-02 00:07:00
104.83,2013-10-03 00:07:00
117.87,2013-10-04 00:07:00
121.94,2013-10-05 00:07:00
121.62,2013-10-06 00:07:00
122.49,2013-10-07 00:07:00
123.5,2013-10-08 00:07:00
124.4,2013-10-09 00:07:00
125.67,2013-10-10 00:07:00
126.1,2013-10-11 00:07:00
126.9,2013-10-12 00:07:00
127.8,2013-10-13 00:07:00
132.86,2013-10-14 00:07:00
135.4,2013-10-15 00:07:00
143.88,2013-10-16 00:07:00
138.35,2013-10-17 00:07:00
143.94,2013-10-18 00:07:00
152.15,2013-10-19 00:07:00
168.8,2013-10-20 00:07:00
166.44,2013-10-21 00:07:00
182.0,2013-10-22 00:07:00
194.6,2013-10-23 00:07:00
210.0,2013-10-24 00:07:00
191.85,2013-10-25 00:07:00
187.21,2013-10-26 00:07:00
179.56,2013-10-27 00:07:00
197.5,2013-10-28 00:07:00
196.01,2013-10-29 00:07:00
203.54716,2013-10-30 00:07:00
198.74,2013-10-31 00:07:00
204.0,2013-11-01 00:07:00
202.23,2013-11-02 00:07:00
204.68,2013-11-03 00:07:00
213.97,2013-11-04 00:07:00
226.51,2013-11-05 00:07:00
243.93,2013-11-06 00:07:00
263.53,2013-11-07 00:07:00
290.0,2013-11-08 00:07:00
334.99,2013-11-09 00:07:00
334.73,2013-11-10 00:07:00
325.0,2013-11-11 00:07:00
345.44,2013-11-12 00:07:00
355.6,2013-11-13 00:07:00
404.0,2013-11-14 00:07:00
413.53499,2013-11-15 00:07:00
412.0,2013-11-16 00:07:00
435.99,2013-11-17 00:07:00
490.11,2013-11-18 00:07:00
693.0,2013-11-19 00:07:00
537.4999,2013-11-20 00:07:00
600.0,2013-11-21 00:07:00
736.95,2013-11-22 00:07:00
814.0,2013-11-23 00:07:00
847.5,2013-11-24 00:07:00
801.0,2013-11-25 00:07:00
816.89,2013-11-26 00:07:00
944.0,2013-11-27 00:07:00
963.97,2013-11-28 00:07:00
1016.1,2013-11-29 00:07:00
1126.0,2013-11-30 00:07:00
1119.0,2013-12-01 00:07:00
959.51,2013-12-02 00:07:00
1039.59,2013-12-03 00:07:00
1064.0,2013-12-04 00:07:00
1136.71,2013-12-05 00:07:00
1017.2,2013-12-06 00:07:00
815.0,2013-12-07 00:07:00
690.0,2013-12-08 00:07:00
784.01,2013-12-09 00:07:00
925.5,2013-12-10 00:07:00
983.0,2013-12-11 00:07:00
879.5,2013-12-12 00:07:00
867.64,2013-12-13 00:07:00
880.86,2013-12-14 00:07:00
858.82,2013-12-15 00:07:00
858.46,2013-12-16 00:07:00
694.02,2013-12-17 00:07:00
673.64,2013-12-18 00:07:00
525.95,2013-12-19 00:07:00
675.0,2013-12-20 00:07:00
603.02,2013-12-21 00:07:00
599.5,2013-12-22 00:07:00
610.1239,2013-12-23 00:07:00
666.0,2013-12-24 00:07:00
653.9489,2013-12-25 00:07:00
682.02,2013-12-26 00:07:00
758.89,2013-12-27 00:07:00
724.0,2013-12-28 00:07:00
715.0,2013-12-29 00:07:00
728.3,2013-12-30 00:07:00
735.0,2013-12-31 00:07:00
730.51,2014-01-01 00:07:00
750.0,2014-01-02 00:07:00
780.51,2014-01-03 00:07:00
806.8,2014-01-04 00:07:00
828.99,2014-01-05 00:07:00
907.9,2014-01-06 00:07:00
919.0,2014-01-07 00:07:00
773.69,2014-01-08 00:07:00
836.01,2014-01-09 00:07:00
821.0,2014-01-10 00:07:00
855.0,2014-01-11 00:07:00
899.0,2014-01-12 00:07:00
838.0,2014-01-13 00:07:00
827.35,2014-01-14 00:07:00
812.74,2014-01-15 00:07:00
842.7,2014-01-16 00:07:00
812.51,2014-01-17 00:07:00
797.93,2014-01-18 00:07:00
814.98,2014-01-19 00:07:00
843.47,2014-01-20 00:07:00
826.1,2014-01-21 00:07:00
826.5,2014-01-22 00:07:00
818.05,2014-01-23 00:07:00
810.89,2014-01-24 00:07:00
778.02,2014-01-25 00:07:00
800.84,2014-01-26 00:07:00
812.1,2014-01-27 00:07:00
746.0,2014-01-28 00:07:00
785.23,2014-01-29 00:07:00
795.9,2014-01-30 00:07:00
801.5,2014-01-31 00:07:00
803.58,2014-02-01 00:07:00
815.52,2014-02-02 00:07:00
812.0301,2014-02-03 00:07:00
808.0,2014-02-04 00:07:00
802.69,2014-02-05 00:07:00
784.98,2014-02-06 00:07:00
760.0,2014-02-07 00:07:00
703.5,2014-02-08 00:07:00
672.5,2014-02-09 00:07:00
690.5999,2014-02-10 00:07:00
688.0,2014-02-11 00:07:00
674.1,2014-02-12 00:07:00
651.06,2014-02-13 00:07:00
604.5,2014-02-14 00:07:00
669.6,2014-02-15 00:07:00
654.99,2014-02-16 00:07:00
624.0,2014-02-17 00:07:00
632.0,2014-02-18 00:07:00
628.9,2014-02-19 00:07:00
625.7,2014-02-20 00:07:00
561.25,2014-02-21 00:07:00
581.5,2014-02-22 00:07:00
610.0,2014-02-23 00:07:00
610.17260503,2014-02-24 00:07:00
524.0,2014-02-25 00:07:00
534.2499,2014-02-26 00:07:00
585.01,2014-02-27 00:07:00
582.4955875,2014-02-28 00:07:00
544.0,2014-03-01 00:07:00
568.75,2014-03-02 00:07:00
570.0,2014-03-03 00:07:00
678.2801,2014-03-04 00:07:00
675.16,2014-03-05 00:07:00
671.33,2014-03-06 00:07:00
669.0,2014-03-07 00:07:00
634.99,2014-03-08 00:07:00
613.82,2014-03-09 00:07:00
635.75,2014-03-10 00:07:00
627.1401,2014-03-11 00:07:00
631.6001,2014-03-12 00:07:00
636.10235,2014-03-13 00:07:00
643.0,2014-03-14 00:07:00
628.0,2014-03-15 00:07:00
635.45,2014-03-16 00:07:00
633.0,2014-03-17 00:07:00
623.1,2014-03-18 00:07:00
615.7,2014-03-19 00:07:00
609.0,2014-03-20 00:07:00
586.75,2014-03-21 00:07:00
570.0,2014-03-22 00:07:00
563.0,2014-03-23 00:07:00
557.5,2014-03-24 00:07:00
584.01,2014-03-25 00:07:00
580.6600950000002,2014-03-26 00:07:00
576.8,2014-03-27 00:07:00
475.2,2014-03-28 00:07:00
501.98,2014-03-29 00:07:00
488.2,2014-03-30 00:07:00
461.8099,2014-03-31 00:07:00
455.4,2014-04-01 00:07:00
478.9799,2014-04-02 00:07:00
436.5301,2014-04-03 00:07:00
444.61,2014-04-04 00:07:00
446.4,2014-04-05 00:07:00
463.99,2014-04-06 00:07:00
460.9,2014-04-07 00:07:00
446.56,2014-04-08 00:07:00
450.3301,2014-04-09 00:07:00
442.0,2014-04-10 00:07:00
363.7899,2014-04-11 00:07:00
421.6,2014-04-12 00:07:00
422.72,2014-04-13 00:07:00
416.97,2014-04-14 00:07:00
462.99,2014-04-15 00:07:00
521.51005,2014-04-16 00:07:00
531.5,2014-04-17 00:07:00
498.61,2014-04-18 00:07:00
481.17,2014-04-19 00:07:00
504.98999999,2014-04-20 00:07:00
502.0,2014-04-21 00:07:00
497.82999999,2014-04-22 00:07:00
492.4,2014-04-23 00:07:00
492.9,2014-04-24 00:07:00
503.7,2014-04-25 00:07:00
465.94,2014-04-26 00:07:00
458.5,2014-04-27 00:07:00
432.9999,2014-04-28 00:07:00
440.5,2014-04-29 00:07:00
446.52,2014-04-30 00:07:00
449.0201,2014-05-01 00:07:00
460.0,2014-05-02 00:07:00
450.0,2014-05-03 00:07:00
438.90879666,2014-05-04 00:07:00
437.94997,2014-05-05 00:07:00
431.6,2014-05-06 00:07:00
430.1,2014-05-07 00:07:00
442.0,2014-05-08 00:07:00
438.8,2014-05-09 00:07:00
454.0,2014-05-10 00:07:00
456.11,2014-05-11 00:07:00
439.0,2014-05-12 00:07:00
440.01,2014-05-13 00:07:00
438.8,2014-05-14 00:07:00
444.01,2014-05-15 00:07:00
447.34,2014-05-16 00:07:00
448.5,2014-05-17 00:07:00
449.04,2014-05-18 00:07:00
447.55,2014-05-19 00:07:00
447.0,2014-05-20 00:07:00
490.0,2014-05-21 00:07:00
493.25,2014-05-22 00:07:00
526.97,2014-05-23 00:07:00
525.6,2014-05-24 00:07:00
528.92,2014-05-25 00:07:00
574.55,2014-05-26 00:07:00
585.01,2014-05-27 00:07:00
574.78,2014-05-28 00:07:00
582.0,2014-05-29 00:07:00
569.85,2014-05-30 00:07:00
620.9,2014-05-31 00:07:00
625.69,2014-06-01 00:07:00
630.0,2014-06-02 00:07:00
663.12,2014-06-03 00:07:00
670.81,2014-06-04 00:07:00
641.9,2014-06-05 00:07:00
658.4,2014-06-06 00:07:00
646.5,2014-06-07 00:07:00
657.21,2014-06-08 00:07:00
658.0,2014-06-09 00:07:00
651.6,2014-06-10 00:07:00
657.0,2014-06-11 00:07:00
637.69,2014-06-12 00:07:00
602.99,2014-06-13 00:07:00
605.0,2014-06-14 00:07:00
577.01,2014-06-15 00:07:00
588.93,2014-06-16 00:07:00
592.93,2014-06-17 00:07:00
612.5,2014-06-18 00:07:00
609.9,2014-06-19 00:07:00
595.71,2014-06-20 00:07:00
591.79,2014-06-21 00:07:00
595.5,2014-06-22 00:07:00
602.5,2014-06-23 00:07:00
590.79,2014-06-24 00:07:00
581.21,2014-06-25 00:07:00
567.5,2014-06-26 00:07:00
581.1,2014-06-27 00:07:00
598.21,2014-06-28 00:07:00
596.11,2014-06-29 00:07:00
601.06,2014-06-30 00:07:00
651.66,2014-07-01 00:07:00
643.95,2014-07-02 00:07:00
654.0,2014-07-03 00:07:00
644.0,2014-07-04 00:07:00
630.5,2014-07-05 00:07:00
632.0,2014-07-06 00:07:00
637.77,2014-07-07 00:07:00
620.3,2014-07-08 00:07:00
625.36,2014-07-09 00:07:00
625.0,2014-07-10 00:07:00
616.87,2014-07-11 00:07:00
636.0,2014-07-12 00:07:00
636.88,2014-07-13 00:07:00
629.49,2014-07-14 00:07:00
619.49,2014-07-15 00:07:00
619.9,2014-07-16 00:07:00
616.48,2014-07-17 00:07:00
622.0,2014-07-18 00:07:00
630.66,2014-07-19 00:07:00
628.23,2014-07-20 00:07:00
624.0,2014-07-21 00:07:00
620.01,2014-07-22 00:07:00
619.54,2014-07-23 00:07:00
619.0,2014-07-24 00:07:00
602.37,2014-07-25 00:07:00
599.71,2014-07-26 00:07:00
593.9,2014-07-27 00:07:00
591.8,2014-07-28 00:07:00
584.25,2014-07-29 00:07:00
583.01,2014-07-30 00:07:00
565.91,2014-07-31 00:07:00
580.0,2014-08-01 00:07:00
594.6,2014-08-02 00:07:00
587.61,2014-08-03 00:07:00
585.71,2014-08-04 00:07:00
587.2,2014-08-05 00:07:00
582.94,2014-08-06 00:07:00
581.36,2014-08-07 00:07:00
586.82,2014-08-08 00:07:00
590.14,2014-08-09 00:07:00
588.88,2014-08-10 00:07:00
588.29,2014-08-11 00:07:00
572.91,2014-08-12 00:07:00
568.86,2014-08-13 00:07:00
546.26,2014-08-14 00:07:00
509.5,2014-08-15 00:07:00
497.22,2014-08-16 00:07:00
519.75,2014-08-17 00:07:00
499.63,2014-08-18 00:07:00
465.99,2014-08-19 00:07:00
486.61,2014-08-20 00:07:00
512.8,2014-08-21 00:07:00
517.9,2014-08-22 00:07:00
515.58,2014-08-23 00:07:00
499.5,2014-08-24 00:07:00
510.87,2014-08-25 00:07:00
501.49,2014-08-26 00:07:00
512.9,2014-08-27 00:07:00
508.01,2014-08-28 00:07:00
505.94,2014-08-29 00:07:00
508.25,2014-08-30 00:07:00
499.15,2014-08-31 00:07:00
477.0,2014-09-01 00:07:00
472.41,2014-09-02 00:07:00
474.41,2014-09-03 00:07:00
473.62,2014-09-04 00:07:00
490.98,2014-09-05 00:07:00
480.27,2014-09-06 00:07:00
483.06,2014-09-07 00:07:00
480.18,2014-09-08 00:07:00
471.06,2014-09-09 00:07:00
473.1,2014-09-10 00:07:00
478.1,2014-09-11 00:07:00
477.08,2014-09-12 00:07:00
473.99,2014-09-13 00:07:00
478.0,2014-09-14 00:07:00
477.3,2014-09-15 00:07:00
473.6,2014-09-16 00:07:00
467.0,2014-09-17 00:07:00
456.61,2014-09-18 00:07:00
424.3,2014-09-19 00:07:00
390.9,2014-09-20 00:07:00
411.06,2014-09-21 00:07:00
400.01,2014-09-22 00:07:00
404.25,2014-09-23 00:07:00
438.2,2014-09-24 00:07:00
424.8,2014-09-25 00:07:00
409.99,2014-09-26 00:07:00
404.01,2014-09-27 00:07:00
400.1,2014-09-28 00:07:00
376.23,2014-09-29 00:07:00
373.63,2014-09-30 00:07:00
387.34,2014-10-01 00:07:00
382.56,2014-10-02 00:07:00
370.53,2014-10-03 00:07:00
360.63,2014-10-04 00:07:00
328.7,2014-10-05 00:07:00
318.42,2014-10-06 00:07:00
328.02,2014-10-07 00:07:00
334.53,2014-10-08 00:07:00
355.0,2014-10-09 00:07:00
364.2,2014-10-10 00:07:00
358.39,2014-10-11 00:07:00
361.38,2014-10-12 00:07:00
375.99,2014-10-13 00:07:00
393.23,2014-10-14 00:07:00
400.2,2014-10-15 00:07:00
394.4,2014-10-16 00:07:00
380.3,2014-10-17 00:07:00
380.24,2014-10-18 00:07:00
390.9,2014-10-19 00:07:00
388.22,2014-10-20 00:07:00
380.56,2014-10-21 00:07:00
384.1,2014-10-22 00:07:00
379.0,2014-10-23 00:07:00
358.77,2014-10-24 00:07:00
356.83,2014-10-25 00:07:00
344.55,2014-10-26 00:07:00
352.0,2014-10-27 00:07:00
350.57,2014-10-28 00:07:00
353.11,2014-10-29 00:07:00
333.5,2014-10-30 00:07:00
345.0,2014-10-31 00:07:00
336.63,2014-11-01 00:07:00
325.21,2014-11-02 00:07:00
323.81,2014-11-03 00:07:00
324.49,2014-11-04 00:07:00
331.3,2014-11-05 00:07:00
338.14,2014-11-06 00:07:00
349.95,2014-11-07 00:07:00
342.18,2014-11-08 00:07:00
345.21,2014-11-09 00:07:00
361.43,2014-11-10 00:07:00
365.97,2014-11-11 00:07:00
369.8,2014-11-12 00:07:00
426.25,2014-11-13 00:07:00
420.01,2014-11-14 00:07:00
401.7,2014-11-15 00:07:00
374.61,2014-11-16 00:07:00
393.79,2014-11-17 00:07:00
387.1,2014-11-18 00:07:00
371.74,2014-11-19 00:07:00
377.1,2014-11-20 00:07:00
356.56,2014-11-21 00:07:00
349.26,2014-11-22 00:07:00
349.26,2014-11-23 00:07:00
349.26,2014-11-24 00:07:00
349.26,2014-11-25 00:07:00
349.26,2014-11-26 00:07:00
349.26,2014-11-27 00:07:00
349.26,2014-11-28 00:07:00
349.26,2014-11-29 00:07:00
349.26,2014-11-30 00:07:00
349.26,2014-12-01 00:07:00
349.26,2014-12-02 00:07:00
349.26,2014-12-03 00:07:00
349.26,2014-12-04 00:07:00
349.26,2014-12-05 00:07:00
349.26,2014-12-06 00:07:00
349.26,2014-12-07 00:07:00
349.26,2014-12-08 00:07:00
349.26,2014-12-09 00:07:00
349.26,2014-12-10 00:07:00
349.26,2014-12-11 00:07:00
349.26,2014-12-12 00:07:00
349.26,2014-12-13 00:07:00
349.26,2014-12-14 00:07:00
349.26,2014-12-15 00:07:00
349.26,2014-12-16 00:07:00
349.26,2014-12-17 00:07:00
349.26,2014-12-18 00:07:00
349.26,2014-12-19 00:07:00
349.26,2014-12-20 00:07:00
349.26,2014-12-21 00:07:00
349.26,2014-12-22 00:07:00
349.26,2014-12-23 00:07:00
349.26,2014-12-24 00:07:00
349.26,2014-12-25 00:07:00
349.26,2014-12-26 00:07:00
349.26,2014-12-27 00:07:00
349.26,2014-12-28 00:07:00
349.26,2014-12-29 00:07:00
349.26,2014-12-30 00:07:00
349.26,2014-12-31 00:07:00
320.18,2015-01-01 00:07:00
314.43,2015-01-02 00:07:00
315.27,2015-01-03 00:07:00
282.32,2015-01-04 00:07:00
265.54,2015-01-05 00:07:00
275.95,2015-01-06 00:07:00
286.8,2015-01-07 00:07:00
297.06,2015-01-08 00:07:00
282.16,2015-01-09 00:07:00
291.0,2015-01-10 00:07:00
275.69,2015-01-11 00:07:00
268.48,2015-01-12 00:07:00
268.55,2015-01-13 00:07:00
224.5,2015-01-14 00:07:00
181.55,2015-01-15 00:07:00
208.59,2015-01-16 00:07:00
208.51,2015-01-17 00:07:00
201.59,2015-01-18 00:07:00
212.0,2015-01-19 00:07:00
214.58,2015-01-20 00:07:00
212.3,2015-01-21 00:07:00
229.26,2015-01-22 00:07:00
234.0,2015-01-23 00:07:00
232.99,2015-01-24 00:07:00
247.88,2015-01-25 00:07:00
257.47,2015-01-26 00:07:00
276.99,2015-01-27 00:07:00
265.4,2015-01-28 00:07:00
234.0,2015-01-29 00:07:00
233.39,2015-01-30 00:07:00
226.25,2015-01-31 00:07:00
216.25,2015-02-01 00:07:00
226.31,2015-02-02 00:07:00
239.47,2015-02-03 00:07:00
228.16,2015-02-04 00:07:00
227.62,2015-02-05 00:07:00
216.6,2015-02-06 00:07:00
223.14,2015-02-07 00:07:00
229.16,2015-02-08 00:07:00
224.13,2015-02-09 00:07:00
220.01,2015-02-10 00:07:00
220.79,2015-02-11 00:07:00
219.24,2015-02-12 00:07:00
222.8,2015-02-13 00:07:00
237.0,2015-02-14 00:07:00
257.9,2015-02-15 00:07:00
235.67,2015-02-16 00:07:00
232.3,2015-02-17 00:07:00
243.73,2015-02-18 00:07:00
236.95,2015-02-19 00:07:00
240.81,2015-02-20 00:07:00
244.51,2015-02-21 00:07:00
246.0,2015-02-22 00:07:00
236.96,2015-02-23 00:07:00
240.14,2015-02-24 00:07:00
240.28,2015-02-25 00:07:00
237.98,2015-02-26 00:07:00
236.97,2015-02-27 00:07:00
254.99,2015-02-28 00:07:00
255.49,2015-03-01 00:07:00
262.14,2015-03-02 00:07:00
276.21,2015-03-03 00:07:00
283.42,2015-03-04 00:07:00
274.0,2015-03-05 00:07:00
276.91,2015-03-06 00:07:00
272.5,2015-03-07 00:07:00
276.99,2015-03-08 00:07:00
275.58,2015-03-09 00:07:00
291.6,2015-03-10 00:07:00
292.6,2015-03-11 00:07:00
296.75,2015-03-12 00:07:00
295.1,2015-03-13 00:07:00
283.5,2015-03-14 00:07:00
282.6,2015-03-15 00:07:00
286.8,2015-03-16 00:07:00
291.31,2015-03-17 00:07:00
284.4,2015-03-18 00:07:00
257.4,2015-03-19 00:07:00
261.49,2015-03-20 00:07:00
261.88,2015-03-21 00:07:00
260.48,2015-03-22 00:07:00
269.12,2015-03-23 00:07:00
266.89,2015-03-24 00:07:00
247.69,2015-03-25 00:07:00
246.29,2015-03-26 00:07:00
249.32,2015-03-27 00:07:00
246.6,2015-03-28 00:07:00
252.88,2015-03-29 00:07:00
242.91,2015-03-30 00:07:00
248.02,2015-03-31 00:07:00
244.59,2015-04-01 00:07:00
247.07,2015-04-02 00:07:00
253.33,2015-04-03 00:07:00
253.87,2015-04-04 00:07:00
253.73,2015-04-05 00:07:00
260.77,2015-04-06 00:07:00
255.83,2015-04-07 00:07:00
254.05,2015-04-08 00:07:00
244.73,2015-04-09 00:07:00
243.56,2015-04-10 00:07:00
236.0,2015-04-11 00:07:00
236.51,2015-04-12 00:07:00
236.38,2015-04-13 00:07:00
224.93,2015-04-14 00:07:00
219.82,2015-04-15 00:07:00
224.0,2015-04-16 00:07:00
228.3,2015-04-17 00:07:00
222.19,2015-04-18 00:07:00
223.45,2015-04-19 00:07:00
221.6,2015-04-20 00:07:00
224.21,2015-04-21 00:07:00
235.87,2015-04-22 00:07:00
234.09,2015-04-23 00:07:00
235.51,2015-04-24 00:07:00
231.23,2015-04-25 00:07:00
226.62,2015-04-26 00:07:00
219.99,2015-04-27 00:07:00
226.9,2015-04-28 00:07:00
225.3,2015-04-29 00:07:00
225.45,2015-04-30 00:07:00
235.51,2015-05-01 00:07:00
236.23,2015-05-02 00:07:00
236.23,2015-05-03 00:07:00
236.23,2015-05-04 00:07:00
236.23,2015-05-05 00:07:00
236.23,2015-05-06 00:07:00
236.23,2015-05-07 00:07:00
236.23,2015-05-08 00:07:00
236.23,2015-05-09 00:07:00
236.23,2015-05-10 00:07:00
236.23,2015-05-11 00:07:00
236.23,2015-05-12 00:07:00
236.23,2015-05-13 00:07:00
236.23,2015-05-14 00:07:00
236.23,2015-05-15 00:07:00
236.23,2015-05-16 00:07:00
236.23,2015-05-17 00:07:00
236.23,2015-05-18 00:07:00
236.23,2015-05-19 00:07:00
236.23,2015-05-20 00:07:00
236.23,2015-05-21 00:07:00
236.23,2015-05-22 00:07:00
236.23,2015-05-23 00:07:00
236.23,2015-05-24 00:07:00
236.23,2015-05-25 00:07:00
236.23,2015-05-26 00:07:00
236.23,2015-05-27 00:07:00
236.23,2015-05-28 00:07:00
236.23,2015-05-29 00:07:00
236.23,2015-05-30 00:07:00
236.23,2015-05-31 00:07:00
228.22,2015-06-01 00:07:00
222.1,2015-06-02 00:07:00
224.67,2015-06-03 00:07:00
225.11,2015-06-04 00:07:00
223.23,2015-06-05 00:07:00
224.78,2015-06-06 00:07:00
225.83,2015-06-07 00:07:00
223.27,2015-06-08 00:07:00
228.6,2015-06-09 00:07:00
228.91,2015-06-10 00:07:00
228.64,2015-06-11 00:07:00
230.06,2015-06-12 00:07:00
229.07,2015-06-13 00:07:00
233.06,2015-06-14 00:07:00
233.5,2015-06-15 00:07:00
237.03,2015-06-16 00:07:00
250.89,2015-06-17 00:07:00
249.16,2015-06-18 00:07:00
250.01,2015-06-19 00:07:00
244.0,2015-06-20 00:07:00
245.26,2015-06-21 00:07:00
243.89,2015-06-22 00:07:00
246.87,2015-06-23 00:07:00
244.18,2015-06-24 00:07:00
240.02,2015-06-25 00:07:00
241.99,2015-06-26 00:07:00
243.18,2015-06-27 00:07:00
250.86,2015-06-28 00:07:00
248.67,2015-06-29 00:07:00
256.67,2015-06-30 00:07:00
263.07,2015-07-01 00:07:00
258.14,2015-07-02 00:07:00
254.52,2015-07-03 00:07:00
256.48,2015-07-04 00:07:00
260.38,2015-07-05 00:07:00
270.89,2015-07-06 00:07:00
270.61,2015-07-07 00:07:00
265.26,2015-07-08 00:07:00
269.54,2015-07-09 00:07:00
268.79,2015-07-10 00:07:00
284.24,2015-07-11 00:07:00
293.41,2015-07-12 00:07:00
311.5,2015-07-13 00:07:00
291.9,2015-07-14 00:07:00
289.14,2015-07-15 00:07:00
286.5,2015-07-16 00:07:00
279.2,2015-07-17 00:07:00
279.9,2015-07-18 00:07:00
277.2,2015-07-19 00:07:00
274.5,2015-07-20 00:07:00
280.0,2015-07-21 00:07:00
275.39,2015-07-22 00:07:00
277.98,2015-07-23 00:07:00
276.39,2015-07-24 00:07:00
288.58,2015-07-25 00:07:00
289.35,2015-07-26 00:07:00
293.0,2015-07-27 00:07:00
295.38,2015-07-28 00:07:00
295.26,2015-07-29 00:07:00
289.56,2015-07-30 00:07:00
287.5,2015-07-31 00:07:00
284.61,2015-08-01 00:07:00
278.74,2015-08-02 00:07:00
282.3,2015-08-03 00:07:00
282.23,2015-08-04 00:07:00
285.08,2015-08-05 00:07:00
281.68,2015-08-06 00:07:00
279.08,2015-08-07 00:07:00
280.31,2015-08-08 00:07:00
261.86,2015-08-09 00:07:00
266.54,2015-08-10 00:07:00
265.09,2015-08-11 00:07:00
271.69,2015-08-12 00:07:00
266.73,2015-08-13 00:07:00
264.7,2015-08-14 00:07:00
266.18,2015-08-15 00:07:00
262.05,2015-08-16 00:07:00
259.72,2015-08-17 00:07:00
258.47,2015-08-18 00:07:00
227.97,2015-08-19 00:07:00
226.95,2015-08-20 00:07:00
235.54,2015-08-21 00:07:00
232.62,2015-08-22 00:07:00
230.46,2015-08-23 00:07:00
228.2,2015-08-24 00:07:00
210.16,2015-08-25 00:07:00
223.07,2015-08-26 00:07:00
226.92,2015-08-27 00:07:00
224.61,2015-08-28 00:07:00
232.01,2015-08-29 00:07:00
231.01,2015-08-30 00:07:00
230.12,2015-08-31 00:07:00
231.61,2015-09-01 00:07:00
228.01,2015-09-02 00:07:00
229.49,2015-09-03 00:07:00
227.34,2015-09-04 00:07:00
231.03,2015-09-05 00:07:00
235.84,2015-09-06 00:07:00
241.39,2015-09-07 00:07:00
240.65,2015-09-08 00:07:00
244.02,2015-09-09 00:07:00
239.4,2015-09-10 00:07:00
239.65,2015-09-11 00:07:00
240.6,2015-09-12 00:07:00
235.94,2015-09-13 00:07:00
231.0,2015-09-14 00:07:00
230.83,2015-09-15 00:07:00
230.91,2015-09-16 00:07:00
228.99,2015-09-17 00:07:00
233.61,2015-09-18 00:07:00
233.87,2015-09-19 00:07:00
232.07,2015-09-20 00:07:00
232.14,2015-09-21 00:07:00
227.25,2015-09-22 00:07:00
231.89,2015-09-23 00:07:00
230.61,2015-09-24 00:07:00
234.64,2015-09-25 00:07:00
235.64,2015-09-26 00:07:00
234.27,2015-09-27 00:07:00
233.45,2015-09-28 00:07:00
240.41,2015-09-29 00:07:00
236.96,2015-09-30 00:07:00
236.92,2015-10-01 00:07:00
238.24,2015-10-02 00:07:00
237.7,2015-10-03 00:07:00
239.73,2015-10-04 00:07:00
239.5,2015-10-05 00:07:00
242.01,2015-10-06 00:07:00
247.36,2015-10-07 00:07:00
244.03,2015-10-08 00:07:00
243.0,2015-10-09 00:07:00
244.76,2015-10-10 00:07:00
245.92,2015-10-11 00:07:00
247.84,2015-10-12 00:07:00
246.15,2015-10-13 00:07:00
251.09,2015-10-14 00:07:00
253.5,2015-10-15 00:07:00
255.18,2015-10-16 00:07:00
263.45,2015-10-17 00:07:00
274.2,2015-10-18 00:07:00
265.7,2015-10-19 00:07:00
265.65,2015-10-20 00:07:00
270.35,2015-10-21 00:07:00
268.04,2015-10-22 00:07:00
275.49,2015-10-23 00:07:00
279.41,2015-10-24 00:07:00
284.37,2015-10-25 00:07:00
285.98,2015-10-26 00:07:00
287.21,2015-10-27 00:07:00
295.72,2015-10-28 00:07:00
304.87,2015-10-29 00:07:00
315.0,2015-10-30 00:07:00
331.61,2015-10-31 00:07:00
317.58,2015-11-01 00:07:00
330.48,2015-11-02 00:07:00
366.0,2015-11-03 00:07:00
404.27,2015-11-04 00:07:00
402.0,2015-11-05 00:07:00
386.11,2015-11-06 00:07:00
372.82,2015-11-07 00:07:00
386.52,2015-11-08 00:07:00
374.37,2015-11-09 00:07:00
382.2,2015-11-10 00:07:00
340.38,2015-11-11 00:07:00
318.93,2015-11-12 00:07:00
338.36,2015-11-13 00:07:00
338.02,2015-11-14 00:07:00
334.5,2015-11-15 00:07:00
320.77,2015-11-16 00:07:00
332.08,2015-11-17 00:07:00
336.3,2015-11-18 00:07:00
335.58,2015-11-19 00:07:00
326.73,2015-11-20 00:07:00
322.15,2015-11-21 00:07:00
327.41,2015-11-22 00:07:00
324.52,2015-11-23 00:07:00
323.64,2015-11-24 00:07:00
320.41,2015-11-25 00:07:00
329.36,2015-11-26 00:07:00
353.38,2015-11-27 00:07:00
353.4,2015-11-28 00:07:00
357.73,2015-11-29 00:07:00
373.0,2015-11-30 00:07:00
378.0,2015-12-01 00:07:00
362.04,2015-12-02 00:07:00
359.43,2015-12-03 00:07:00
360.6,2015-12-04 00:07:00
363.88,2015-12-05 00:07:00
391.32,2015-12-06 00:07:00
391.49,2015-12-07 00:07:00
397.77,2015-12-08 00:07:00
418.13,2015-12-09 00:07:00
420.2,2015-12-10 00:07:00
415.82,2015-12-11 00:07:00
454.62,2015-12-12 00:07:00
432.39,2015-12-13 00:07:00
430.67,2015-12-14 00:07:00
443.99,2015-12-15 00:07:00
466.32,2015-12-16 00:07:00
454.74,2015-12-17 00:07:00
455.78,2015-12-18 00:07:00
462.46,2015-12-19 00:07:00
461.93,2015-12-20 00:07:00
442.84,2015-12-21 00:07:00
436.73,2015-12-22 00:07:00
435.5,2015-12-23 00:07:00
443.09,2015-12-24 00:07:00
456.46,2015-12-25 00:07:00
455.1,2015-12-26 00:07:00
413.97,2015-12-27 00:07:00
424.98,2015-12-28 00:07:00
420.99,2015-12-29 00:07:00
431.77,2015-12-30 00:07:00
422.47,2015-12-31 00:07:00
431.11,2016-01-01 00:07:00
435.78,2016-01-02 00:07:00
432.77,2016-01-03 00:07:00
429.04,2016-01-04 00:07:00
432.5,2016-01-05 00:07:00
431.53,2016-01-06 00:07:00
429.64,2016-01-07 00:07:00
458.48,2016-01-08 00:07:00
453.92,2016-01-09 00:07:00
450.25,2016-01-10 00:07:00
449.99,2016-01-11 00:07:00
448.12,2016-01-12 00:07:00
434.18,2016-01-13 00:07:00
430.8,2016-01-14 00:07:00
429.29,2016-01-15 00:07:00
365.9,2016-01-16 00:07:00
386.2,2016-01-17 00:07:00
383.49,2016-01-18 00:07:00
387.19,2016-01-19 00:07:00
378.14,2016-01-20 00:07:00
418.11,2016-01-21 00:07:00
410.2,2016-01-22 00:07:00
381.08,2016-01-23 00:07:00
386.35,2016-01-24 00:07:00
400.48,2016-01-25 00:07:00
392.86,2016-01-26 00:07:00
390.7,2016-01-27 00:07:00
394.75,2016-01-28 00:07:00
376.77,2016-01-29 00:07:00
377.3,2016-01-30 00:07:00
376.99,2016-01-31 00:07:00
365.85,2016-02-01 00:07:00
371.11,2016-02-02 00:07:00
372.73,2016-02-03 00:07:00
368.65,2016-02-04 00:07:00
387.7,2016-02-05 00:07:00
386.44,2016-02-06 00:07:00
373.75,2016-02-07 00:07:00
373.18,2016-02-08 00:07:00
370.5,2016-02-09 00:07:00
373.33,2016-02-10 00:07:00
381.3,2016-02-11 00:07:00
378.63,2016-02-12 00:07:00
382.96,2016-02-13 00:07:00
394.16,2016-02-14 00:07:00
408.32,2016-02-15 00:07:00
402.0,2016-02-16 00:07:00
407.0,2016-02-17 00:07:00
415.56,2016-02-18 00:07:00
421.98,2016-02-19 00:07:00
420.6,2016-02-20 00:07:00
439.77,2016-02-21 00:07:00
440.98,2016-02-22 00:07:00
440.94,2016-02-23 00:07:00
421.2,2016-02-24 00:07:00
426.64,2016-02-25 00:07:00
424.75,2016-02-26 00:07:00
434.91,2016-02-27 00:07:00
434.36,2016-02-28 00:07:00
433.15,2016-02-29 00:07:00
438.68,2016-03-01 00:07:00
434.37,2016-03-02 00:07:00
423.49,2016-03-03 00:07:00
420.51,2016-03-04 00:07:00
408.62,2016-03-05 00:07:00
397.83,2016-03-06 00:07:00
403.82,2016-03-07 00:07:00
412.4,2016-03-08 00:07:00
411.4,2016-03-09 00:07:00
412.9,2016-03-10 00:07:00
416.66,2016-03-11 00:07:00
420.5,2016-03-12 00:07:00
410.25,2016-03-13 00:07:00
412.08,2016-03-14 00:07:00
416.19,2016-03-15 00:07:00
415.7,2016-03-16 00:07:00
417.55,2016-03-17 00:07:00
418.71,2016-03-18 00:07:00
407.73,2016-03-19 00:07:00
408.98,2016-03-20 00:07:00
410.52,2016-03-21 00:07:00
411.03,2016-03-22 00:07:00
417.69,2016-03-23 00:07:00
417.92,2016-03-24 00:07:00
415.31,2016-03-25 00:07:00
416.16,2016-03-26 00:07:00
416.82,2016-03-27 00:07:00
426.58,2016-03-28 00:07:00
424.07,2016-03-29 00:07:00
415.58,2016-03-30 00:07:00
413.25,2016-03-31 00:07:00
416.19,2016-04-01 00:07:00
416.19,2016-04-02 00:07:00
416.19,2016-04-03 00:07:00
416.19,2016-04-04 00:07:00
416.19,2016-04-05 00:07:00
416.19,2016-04-06 00:07:00
416.19,2016-04-07 00:07:00
416.19,2016-04-08 00:07:00
416.19,2016-04-09 00:07:00
416.19,2016-04-10 00:07:00
416.19,2016-04-11 00:07:00
416.19,2016-04-12 00:07:00
416.19,2016-04-13 00:07:00
416.19,2016-04-14 00:07:00
416.19,2016-04-15 00:07:00
416.19,2016-04-16 00:07:00
416.19,2016-04-17 00:07:00
416.19,2016-04-18 00:07:00
416.19,2016-04-19 00:07:00
416.19,2016-04-20 00:07:00
416.19,2016-04-21 00:07:00
416.19,2016-04-22 00:07:00
416.19,2016-04-23 00:07:00
416.19,2016-04-24 00:07:00
416.19,2016-04-25 00:07:00
416.19,2016-04-26 00:07:00
416.19,2016-04-27 00:07:00
416.19,2016-04-28 00:07:00
416.19,2016-04-29 00:07:00
416.19,2016-04-30 00:07:00
416.19,2016-05-01 00:07:00
416.19,2016-05-02 00:07:00
416.19,2016-05-03 00:07:00
416.19,2016-05-04 00:07:00
416.19,2016-05-05 00:07:00
416.19,2016-05-06 00:07:00
416.19,2016-05-07 00:07:00
416.19,2016-05-08 00:07:00
416.19,2016-05-09 00:07:00
416.19,2016-05-10 00:07:00
416.19,2016-05-11 00:07:00
416.19,2016-05-12 00:07:00
416.19,2016-05-13 00:07:00
416.19,2016-05-14 00:07:00
416.19,2016-05-15 00:07:00
416.19,2016-05-16 00:07:00
416.19,2016-05-17 00:07:00
416.19,2016-05-18 00:07:00
416.19,2016-05-19 00:07:00
416.19,2016-05-20 00:07:00
416.19,2016-05-21 00:07:00
416.19,2016-05-22 00:07:00
416.19,2016-05-23 00:07:00
416.19,2016-05-24 00:07:00
416.19,2016-05-25 00:07:00
416.19,2016-05-26 00:07:00
416.19,2016-05-27 00:07:00
416.19,2016-05-28 00:07:00
416.19,2016-05-29 00:07:00
416.19,2016-05-30 00:07:00
416.19,2016-05-31 00:07:00
531.52,2016-06-01 00:07:00
536.96,2016-06-02 00:07:00
538.12,2016-06-03 00:07:00
571.06,2016-06-04 00:07:00
573.69,2016-06-05 00:07:00
574.58,2016-06-06 00:07:00
585.21,2016-06-07 00:07:00
577.0,2016-06-08 00:07:00
580.48,2016-06-09 00:07:00
576.38,2016-06-10 00:07:00
579.89,2016-06-11 00:07:00
608.68,2016-06-12 00:07:00
666.27,2016-06-13 00:07:00
705.51,2016-06-14 00:07:00
684.23,2016-06-15 00:07:00
707.94,2016-06-16 00:07:00
768.07,2016-06-17 00:07:00
748.95,2016-06-18 00:07:00
758.77,2016-06-19 00:07:00
764.32,2016-06-20 00:07:00
743.9,2016-06-21 00:07:00
672.86,2016-06-22 00:07:00
604.35,2016-06-23 00:07:00
630.0,2016-06-24 00:07:00
669.01,2016-06-25 00:07:00
666.75,2016-06-26 00:07:00
626.0,2016-06-27 00:07:00
661.97,2016-06-28 00:07:00
641.5,2016-06-29 00:07:00
643.99,2016-06-30 00:07:00
670.18,2016-07-01 00:07:00
673.95,2016-07-02 00:07:00
700.0,2016-07-03 00:07:00
655.92,2016-07-04 00:07:00
682.34,2016-07-05 00:07:00
669.83,2016-07-06 00:07:00
677.48,2016-07-07 00:07:00
642.96,2016-07-08 00:07:00
662.84,2016-07-09 00:07:00
647.43,2016-07-10 00:07:00
648.55,2016-07-11 00:07:00
648.28,2016-07-12 00:07:00
664.89,2016-07-13 00:07:00
655.43,2016-07-14 00:07:00
660.05,2016-07-15 00:07:00
666.89,2016-07-16 00:07:00
664.44,2016-07-17 00:07:00
683.2,2016-07-18 00:07:00
673.7,2016-07-19 00:07:00
675.09,2016-07-20 00:07:00
665.86,2016-07-21 00:07:00
663.75,2016-07-22 00:07:00
648.5,2016-07-23 00:07:00
655.1,2016-07-24 00:07:00
662.44,2016-07-25 00:07:00
653.71,2016-07-26 00:07:00
648.47,2016-07-27 00:07:00
655.99,2016-07-28 00:07:00
656.5,2016-07-29 00:07:00
658.35,2016-07-30 00:07:00
654.76,2016-07-31 00:07:00
623.87,2016-08-01 00:07:00
606.99,2016-08-02 00:07:00
604.1,2016-08-03 00:07:00
604.1,2016-08-04 00:07:00
604.1,2016-08-05 00:07:00
604.1,2016-08-06 00:07:00
604.1,2016-08-07 00:07:00
604.1,2016-08-08 00:07:00
604.1,2016-08-09 00:07:00
604.1,2016-08-10 00:07:00
590.01,2016-08-11 00:07:00
592.06,2016-08-12 00:07:00
585.5,2016-08-13 00:07:00
582.17,2016-08-14 00:07:00
570.0,2016-08-15 00:07:00
564.41,2016-08-16 00:07:00
574.51,2016-08-17 00:07:00
572.0,2016-08-18 00:07:00
572.07,2016-08-19 00:07:00
573.75,2016-08-20 00:07:00
580.74,2016-08-21 00:07:00
581.9,2016-08-22 00:07:00
588.01,2016-08-23 00:07:00
583.92,2016-08-24 00:07:00
580.49,2016-08-25 00:07:00
576.89,2016-08-26 00:07:00
578.29,2016-08-27 00:07:00
569.0,2016-08-28 00:07:00
574.92,2016-08-29 00:07:00
574.75,2016-08-30 00:07:00
579.34,2016-08-31 00:07:00
576.39,2016-09-01 00:07:00
572.75,2016-09-02 00:07:00
580.5,2016-09-03 00:07:00
610.31,2016-09-04 00:07:00
613.66,2016-09-05 00:07:00
611.84,2016-09-06 00:07:00
615.67,2016-09-07 00:07:00
619.9,2016-09-08 00:07:00
632.99,2016-09-09 00:07:00
626.47,2016-09-10 00:07:00
628.0,2016-09-11 00:07:00
611.63,2016-09-12 00:07:00
611.65,2016-09-13 00:07:00
614.32,2016-09-14 00:07:00
613.5,2016-09-15 00:07:00
611.81,2016-09-16 00:07:00
610.0,2016-09-17 00:07:00
608.53,2016-09-18 00:07:00
613.03,2016-09-19 00:07:00
609.79,2016-09-20 00:07:00
594.47,2016-09-21 00:07:00
597.39,2016-09-22 00:07:00
597.08,2016-09-23 00:07:00
603.28,2016-09-24 00:07:00
603.02,2016-09-25 00:07:00
600.24,2016-09-26 00:07:00
609.66,2016-09-27 00:07:00
605.5,2016-09-28 00:07:00
603.23,2016-09-29 00:07:00
605.04,2016-09-30 00:07:00
613.07,2016-10-01 00:07:00
614.07,2016-10-02 00:07:00
609.25,2016-10-03 00:07:00
612.68,2016-10-04 00:07:00
610.98,2016-10-05 00:07:00
613.46,2016-10-06 00:07:00
613.9,2016-10-07 00:07:00
620.0,2016-10-08 00:07:00
620.87,2016-10-09 00:07:00
616.54,2016-10-10 00:07:00
618.87,2016-10-11 00:07:00
641.76,2016-10-12 00:07:00
637.58,2016-10-13 00:07:00
637.0,2016-10-14 00:07:00
643.24,2016-10-15 00:07:00
640.41,2016-10-16 00:07:00
644.16,2016-10-17 00:07:00
640.13,2016-10-18 00:07:00
638.68,2016-10-19 00:07:00
631.78,2016-10-20 00:07:00
632.46,2016-10-21 00:07:00
636.69,2016-10-22 00:07:00
666.83,2016-10-23 00:07:00
658.35,2016-10-24 00:07:00
654.38,2016-10-25 00:07:00
659.57,2016-10-26 00:07:00
678.69,2016-10-27 00:07:00
686.08,2016-10-28 00:07:00
695.41,2016-10-29 00:07:00
715.72,2016-10-30 00:07:00
702.86,2016-10-31 00:07:00
701.92,2016-11-01 00:07:00
734.01,2016-11-02 00:07:00
750.03,2016-11-03 00:07:00
691.01,2016-11-04 00:07:00
708.03,2016-11-05 00:07:00
710.13,2016-11-06 00:07:00
713.44,2016-11-07 00:07:00
704.3,2016-11-08 00:07:00
713.09,2016-11-09 00:07:00
723.75,2016-11-10 00:07:00
714.87,2016-11-11 00:07:00
716.17,2016-11-12 00:07:00
703.69,2016-11-13 00:07:00
703.64,2016-11-14 00:07:00
707.42,2016-11-15 00:07:00
711.58,2016-11-16 00:07:00
744.99,2016-11-17 00:07:00
738.13,2016-11-18 00:07:00
753.9,2016-11-19 00:07:00
752.0,2016-11-20 00:07:00
730.0,2016-11-21 00:07:00
739.0,2016-11-22 00:07:00
750.53,2016-11-23 00:07:00
742.4,2016-11-24 00:07:00
737.15,2016-11-25 00:07:00
739.22,2016-11-26 00:07:00
732.29,2016-11-27 00:07:00
726.1,2016-11-28 00:07:00
731.51,2016-11-29 00:07:00
729.31,2016-11-30 00:07:00
739.0,2016-12-01 00:07:00
755.15,2016-12-02 00:07:00
774.61,2016-12-03 00:07:00
765.31,2016-12-04 00:07:00
768.79,2016-12-05 00:07:00
752.23,2016-12-06 00:07:00
757.19,2016-12-07 00:07:00
765.01,2016-12-08 00:07:00
766.6,2016-12-09 00:07:00
770.52,2016-12-10 00:07:00
773.01,2016-12-11 00:07:00
770.23,2016-12-12 00:07:00
778.0,2016-12-13 00:07:00
776.21,2016-12-14 00:07:00
774.5,2016-12-15 00:07:00
777.77,2016-12-16 00:07:00
784.44,2016-12-17 00:07:00
790.99,2016-12-18 00:07:00
790.2,2016-12-19 00:07:00
790.66,2016-12-20 00:07:00
797.07,2016-12-21 00:07:00
827.0,2016-12-22 00:07:00
859.18,2016-12-23 00:07:00
919.61,2016-12-24 00:07:00
894.69,2016-12-25 00:07:00
898.4,2016-12-26 00:07:00
907.2,2016-12-27 00:07:00
935.93,2016-12-28 00:07:00
975.51,2016-12-29 00:07:00
970.77,2016-12-30 00:07:00
958.69,2016-12-31 00:07:00
967.79,2017-01-01 00:07:00
998.99,2017-01-02 00:07:00
1020.6,2017-01-03 00:07:00
1038.3,2017-01-04 00:07:00
1135.3,2017-01-05 00:07:00
1003.0,2017-01-06 00:07:00
895.69,2017-01-07 00:07:00
906.8,2017-01-08 00:07:00
915.4,2017-01-09 00:07:00
901.44,2017-01-10 00:07:00
908.49,2017-01-11 00:07:00
766.98,2017-01-12 00:07:00
804.87,2017-01-13 00:07:00
830.16,2017-01-14 00:07:00
821.24,2017-01-15 00:07:00
821.02,2017-01-16 00:07:00
828.96,2017-01-17 00:07:00
905.3,2017-01-18 00:07:00
895.0,2017-01-19 00:07:00
902.56,2017-01-20 00:07:00
894.54,2017-01-21 00:07:00
925.73,2017-01-22 00:07:00
922.83,2017-01-23 00:07:00
900.82,2017-01-24 00:07:00
885.99,2017-01-25 00:07:00
896.0,2017-01-26 00:07:00
915.96,2017-01-27 00:07:00
916.7,2017-01-28 00:07:00
919.55,2017-01-29 00:07:00
910.85,2017-01-30 00:07:00
917.0,2017-01-31 00:07:00
966.0,2017-02-01 00:07:00
983.79,2017-02-02 00:07:00
1006.7,2017-02-03 00:07:00
1018.0,2017-02-04 00:07:00
1031.1,2017-02-05 00:07:00
1006.8,2017-02-06 00:07:00
1022.8,2017-02-07 00:07:00
1054.5,2017-02-08 00:07:00
1049.9,2017-02-09 00:07:00
985.0,2017-02-10 00:07:00
993.76,2017-02-11 00:07:00
999.2,2017-02-12 00:07:00
996.5,2017-02-13 00:07:00
997.8,2017-02-14 00:07:00
1013.4,2017-02-15 00:07:00
1014.0,2017-02-16 00:07:00
1037.9,2017-02-17 00:07:00
1055.0,2017-02-18 00:07:00
1059.1,2017-02-19 00:07:00
1056.3,2017-02-20 00:07:00
1089.7,2017-02-21 00:07:00
1128.0,2017-02-22 00:07:00
1126.7,2017-02-23 00:07:00
1191.9,2017-02-24 00:07:00
1182.6,2017-02-25 00:07:00
1153.9,2017-02-26 00:07:00
1180.3,2017-02-27 00:07:00
1199.8,2017-02-28 00:07:00
1189.0,2017-03-01 00:07:00
1233.9,2017-03-02 00:07:00
1259.1,2017-03-03 00:07:00
1288.2,2017-03-04 00:07:00
1266.0,2017-03-05 00:07:00
1278.4,2017-03-06 00:07:00
1279.3,2017-03-07 00:07:00
1230.6,2017-03-08 00:07:00
1153.8,2017-03-09 00:07:00
1197.9,2017-03-10 00:07:00
1109.0,2017-03-11 00:07:00
1172.7,2017-03-12 00:07:00
1224.5,2017-03-13 00:07:00
1236.6,2017-03-14 00:07:00
1245.1,2017-03-15 00:07:00
1255.8,2017-03-16 00:07:00
1168.9,2017-03-17 00:07:00
1073.9,2017-03-18 00:07:00
982.4,2017-03-19 00:07:00
1020.8,2017-03-20 00:07:00
1048.5,2017-03-21 00:07:00
1113.4,2017-03-22 00:07:00
1041.5,2017-03-23 00:07:00
1032.0,2017-03-24 00:07:00
937.88,2017-03-25 00:07:00
971.9,2017-03-26 00:07:00
963.2,2017-03-27 00:07:00
1038.9,2017-03-28 00:07:00
1036.1,2017-03-29 00:07:00
1046.0,2017-03-30 00:07:00
1045.4,2017-03-31 00:07:00
1082.1,2017-04-01 00:07:00
1093.2,2017-04-02 00:07:00
1109.4,2017-04-03 00:07:00
1147.5,2017-04-04 00:07:00
1143.6,2017-04-05 00:07:00
1143.5,2017-04-06 00:07:00
1192.9,2017-04-07 00:07:00
1197.1,2017-04-08 00:07:00
1191.1,2017-04-09 00:07:00
1216.5,2017-04-10 00:07:00
1219.0,2017-04-11 00:07:00
1237.1,2017-04-12 00:07:00
1227.6,2017-04-13 00:07:00
1187.5,2017-04-14 00:07:00
1206.0,2017-04-15 00:07:00
1194.2,2017-04-16 00:07:00
1212.0,2017-04-17 00:07:00
1239.5,2017-04-18 00:07:00
1264.2,2017-04-19 00:07:00
1264.8,2017-04-20 00:07:00
1308.7,2017-04-21 00:07:00
1326.9,2017-04-22 00:07:00
1343.8,2017-04-23 00:07:00
1357.3,2017-04-24 00:07:00
1346.4,2017-04-25 00:07:00
1371.7,2017-04-26 00:07:00
1399.8,2017-04-27 00:07:00
1438.0,2017-04-28 00:07:00
1413.2,2017-04-29 00:07:00
1423.9,2017-04-30 00:07:00
1435.3,2017-05-01 00:07:00
1531.0,2017-05-02 00:07:00
1565.0,2017-05-03 00:07:00
1621.9,2017-05-04 00:07:00
1619.1,2017-05-05 00:07:00
1547.7,2017-05-06 00:07:00
1597.1,2017-05-07 00:07:00
1624.3,2017-05-08 00:07:00
1702.3,2017-05-09 00:07:00
1757.4,2017-05-10 00:07:00
1790.3,2017-05-11 00:07:00
1863.3,2017-05-12 00:07:00
1712.9,2017-05-13 00:07:00
1819.4,2017-05-14 00:07:00
1827.5,2017-05-15 00:07:00
1774.3,2017-05-16 00:07:00
1784.5,2017-05-17 00:07:00
1871.8,2017-05-18 00:07:00
1943.1,2017-05-19 00:07:00
1969.4,2017-05-20 00:07:00
2059.0,2017-05-21 00:07:00
2026.0,2017-05-22 00:07:00
2094.0,2017-05-23 00:07:00
2250.8,2017-05-24 00:07:00
2388.5,2017-05-25 00:07:00
2290.7,2017-05-26 00:07:00
2101.1,2017-05-27 00:07:00
1982.0,2017-05-28 00:07:00
2056.8,2017-05-29 00:07:00
2212.2,2017-05-30 00:07:00
2144.1,2017-05-31 00:07:00
2195.1,2017-06-01 00:07:00
2310.9,2017-06-02 00:07:00
2403.3,2017-06-03 00:07:00
2449.3,2017-06-04 00:07:00
2489.1,2017-06-05 00:07:00
2636.0,2017-06-06 00:07:00
2843.4614249,2017-06-07 00:07:00
2640.1,2017-06-08 00:07:00
2786.4,2017-06-09 00:07:00
2817.5,2017-06-10 00:07:00
2812.6,2017-06-11 00:07:00
2943.4,2017-06-12 00:07:00
2584.3,2017-06-13 00:07:00
2674.98365425,2017-06-14 00:07:00
2361.0,2017-06-15 00:07:00
2360.0,2017-06-16 00:07:00
2430.0,2017-06-17 00:07:00
2610.1,2017-06-18 00:07:00
2491.8,2017-06-19 00:07:00
2582.5,2017-06-20 00:07:00
2695.2,2017-06-21 00:07:00
2628.9,2017-06-22 00:07:00
2679.22401919,2017-06-23 00:07:00
2679.8,2017-06-24 00:07:00
2500.0,2017-06-25 00:07:00
2460.7,2017-06-26 00:07:00
2389.6,2017-06-27 00:07:00
2512.1,2017-06-28 00:07:00
2515.6,2017-06-29 00:07:00
2481.8,2017-06-30 00:07:00
2428.8,2017-07-01 00:07:00
2340.2,2017-07-02 00:07:00
2453.0,2017-07-03 00:07:00
2529.6,2017-07-04 00:07:00
2578.0,2017-07-05 00:07:00
2600.0,2017-07-06 00:07:00
2597.3,2017-07-07 00:07:00
2472.7,2017-07-08 00:07:00
2547.1,2017-07-09 00:07:00
2490.8,2017-07-10 00:07:00
2318.6,2017-07-11 00:07:00
2285.8,2017-07-12 00:07:00
2375.9,2017-07-13 00:07:00
2339.1,2017-07-14 00:07:00
2205.4,2017-07-15 00:07:00
1991.2,2017-07-16 00:07:00
1936.9,2017-07-17 00:07:00
2213.4,2017-07-18 00:07:00
2292.6,2017-07-19 00:07:00
2268.9,2017-07-20 00:07:00
2782.7,2017-07-21 00:07:00
2658.8,2017-07-22 00:07:00
2848.3,2017-07-23 00:07:00
2735.0,2017-07-24 00:07:00
2779.9,2017-07-25 00:07:00
2583.6,2017-07-26 00:07:00
2530.0,2017-07-27 00:07:00
2680.1,2017-07-28 00:07:00
2793.0,2017-07-29 00:07:00
2729.6,2017-07-30 00:07:00
2748.9,2017-07-31 00:07:00
2823.1,2017-08-01 00:07:00
2731.0,2017-08-02 00:07:00
2705.0,2017-08-03 00:07:00
2798.7,2017-08-04 00:07:00
2862.9,2017-08-05 00:07:00
3262.0,2017-08-06 00:07:00
3234.1,2017-08-07 00:07:00
3393.1,2017-08-08 00:07:00
3421.5,2017-08-09 00:07:00
3341.8,2017-08-10 00:07:00
3398.9,2017-08-11 00:07:00
3652.3,2017-08-12 00:07:00
3871.8,2017-08-13 00:07:00
4090.7,2017-08-14 00:07:00
4330.1,2017-08-15 00:07:00
4185.0,2017-08-16 00:07:00
4410.2,2017-08-17 00:07:00
4284.7,2017-08-18 00:07:00
4099.6,2017-08-19 00:07:00
4114.1,2017-08-20 00:07:00
4070.0,2017-08-21 00:07:00
3986.0,2017-08-22 00:07:00
4075.0,2017-08-23 00:07:00
4150.8,2017-08-24 00:07:00
4333.1,2017-08-25 00:07:00
4351.5,2017-08-26 00:07:00
4339.5,2017-08-27 00:07:00
4315.0,2017-08-28 00:07:00
4376.6,2017-08-29 00:07:00
4570.2,2017-08-30 00:07:00
4580.4,2017-08-31 00:07:00
4725.3,2017-09-01 00:07:00
4910.1,2017-09-02 00:07:00
4563.6,2017-09-03 00:07:00
4579.8,2017-09-04 00:07:00
4165.2,2017-09-05 00:07:00
4376.0,2017-09-06 00:07:00
4581.2,2017-09-07 00:07:00
4605.2,2017-09-08 00:07:00
4258.4,2017-09-09 00:07:00
4310.0,2017-09-10 00:07:00
4231.9,2017-09-11 00:07:00
4209.9,2017-09-12 00:07:00
4149.2,2017-09-13 00:07:00
3872.8,2017-09-14 00:07:00
3260.0,2017-09-15 00:07:00
3686.4,2017-09-16 00:07:00
3672.0,2017-09-17 00:07:00
3699.8,2017-09-18 00:07:00
4090.7,2017-09-19 00:07:00
3900.0,2017-09-20 00:07:00
3879.3,2017-09-21 00:07:00
3604.4,2017-09-22 00:07:00
3598.7,2017-09-23 00:07:00
3766.2,2017-09-24 00:07:00
3664.4,2017-09-25 00:07:00
3933.9,2017-09-26 00:07:00
3880.3,2017-09-27 00:07:00
4201.4,2017-09-28 00:07:00
4190.4,2017-09-29 00:07:00
4168.2,2017-09-30 00:07:00
4375.0,2017-10-01 00:07:00
4415.6,2017-10-02 00:07:00
4395.0,2017-10-03 00:07:00
4315.0,2017-10-04 00:07:00
4217.9,2017-10-05 00:07:00
4314.7,2017-10-06 00:07:00
4370.0,2017-10-07 00:07:00
4443.1,2017-10-08 00:07:00
4614.3,2017-10-09 00:07:00
4795.0,2017-10-10 00:07:00
4783.1,2017-10-11 00:07:00
4822.4,2017-10-12 00:07:00
5417.2,2017-10-13 00:07:00
5635.1,2017-10-14 00:07:00
5840.8,2017-10-15 00:07:00
5720.0,2017-10-16 00:07:00
5775.1,2017-10-17 00:07:00
5548.5,2017-10-18 00:07:00
5528.1,2017-10-19 00:07:00
5700.0,2017-10-20 00:07:00
5980.4,2017-10-21 00:07:00
6020.1,2017-10-22 00:07:00
5923.6,2017-10-23 00:07:00
5870.7,2017-10-24 00:07:00
5501.0,2017-10-25 00:07:00
5724.6,2017-10-26 00:07:00
5889.7,2017-10-27 00:07:00
5800.0,2017-10-28 00:07:00
5708.2,2017-10-29 00:07:00
6150.0,2017-10-30 00:07:00
6138.9,2017-10-31 00:07:00
6410.0,2017-11-01 00:07:00
6767.0,2017-11-02 00:07:00
7017.0,2017-11-03 00:07:00
7120.7,2017-11-04 00:07:00
7361.5,2017-11-05 00:07:00
7385.6,2017-11-06 00:07:00
7001.7,2017-11-07 00:07:00
7072.7,2017-11-08 00:07:00
7393.1,2017-11-09 00:07:00
7176.2,2017-11-10 00:07:00
6539.6,2017-11-11 00:07:00
6277.8,2017-11-12 00:07:00
5882.2,2017-11-13 00:07:00
6529.4,2017-11-14 00:07:00
6660.9,2017-11-15 00:07:00
7221.7,2017-11-16 00:07:00
7916.1,2017-11-17 00:07:00
7639.9,2017-11-18 00:07:00
7763.2,2017-11-19 00:07:00
8056.1,2017-11-20 00:07:00
8250.9,2017-11-21 00:07:00
8113.66167761,2017-11-22 00:07:00
8252.1,2017-11-23 00:07:00
8010.1,2017-11-24 00:07:00
8195.4,2017-11-25 00:07:00
8763.2,2017-11-26 00:07:00
9340.3,2017-11-27 00:07:00
9712.4,2017-11-28 00:07:00
9914.0,2017-11-29 00:07:00
9690.0,2017-11-30 00:07:00
9989.9,2017-12-01 00:07:00
10856.0,2017-12-02 00:07:00
10921.0,2017-12-03 00:07:00
11200.0,2017-12-04 00:07:00
11579.0,2017-12-05 00:07:00
11640.0,2017-12-06 00:07:00
13650.0,2017-12-07 00:07:00
16583.0,2017-12-08 00:07:00
16000.0,2017-12-09 00:07:00
14523.0,2017-12-10 00:07:00
14972.0,2017-12-11 00:07:00
16649.0,2017-12-12 00:07:00
17205.0,2017-12-13 00:07:00
16091.0,2017-12-14 00:07:00
16363.0,2017-12-15 00:07:00
17439.0,2017-12-16 00:07:00
19028.0,2017-12-17 00:07:00
18869.0,2017-12-18 00:07:00
18975.0,2017-12-19 00:07:00
17154.0,2017-12-20 00:07:00
16444.0,2017-12-21 00:07:00
15717.0,2017-12-22 00:07:00
13457.0,2017-12-23 00:07:00
13605.67616806,2017-12-24 00:07:00
13487.0,2017-12-25 00:07:00
13741.0,2017-12-26 00:07:00
15570.0,2017-12-27 00:07:00
15385.0,2017-12-28 00:07:00
14264.0,2017-12-29 00:07:00
14285.0,2017-12-30 00:07:00
12385.0,2017-12-31 00:07:00
13607.0,2018-01-01 00:07:00
13522.0,2018-01-02 00:07:00
14735.0,2018-01-03 00:07:00
15099.0,2018-01-04 00:07:00
15008.0,2018-01-05 00:07:00
16688.0,2018-01-06 00:07:00
17041.0,2018-01-07 00:07:00
16103.0,2018-01-08 00:07:00
14881.0,2018-01-09 00:07:00
14317.0,2018-01-10 00:07:00
14831.0,2018-01-11 00:07:00
13065.0,2018-01-12 00:07:00
13833.0,2018-01-13 00:07:00
14171.0,2018-01-14 00:07:00
13618.0,2018-01-15 00:07:00
13490.0,2018-01-16 00:07:00
11320.0,2018-01-17 00:07:00
10849.59879278,2018-01-18 00:07:00
11055.0,2018-01-19 00:07:00
11512.90844957,2018-01-20 00:07:00
12682.0,2018-01-21 00:07:00
11536.0,2018-01-22 00:07:00
10813.0,2018-01-23 00:07:00
10820.0,2018-01-24 00:07:00
11365.0,2018-01-25 00:07:00
11135.0,2018-01-26 00:07:00
11121.0,2018-01-27 00:07:00
11491.0,2018-01-28 00:07:00
11836.0,2018-01-29 00:07:00
11193.0,2018-01-30 00:07:00
10049.0,2018-01-31 00:07:00
10271.0,2018-02-01 00:07:00
9090.0,2018-02-02 00:07:00
8822.1,2018-02-03 00:07:00
9192.0,2018-02-04 00:07:00
8302.5,2018-02-05 00:07:00
7063.72356191,2018-02-06 00:07:00
7727.2,2018-02-07 00:07:00
7670.1,2018-02-08 00:07:00
8151.6,2018-02-09 00:07:00
8645.9,2018-02-10 00:07:00
8467.0,2018-02-11 00:07:00
8148.8,2018-02-12 00:07:00
8948.9,2018-02-13 00:07:00
8540.9,2018-02-14 00:07:00
9415.7,2018-02-15 00:07:00
9993.8,2018-02-16 00:07:00
10056.0,2018-02-17 00:07:00
11023.0,2018-02-18 00:07:00
10369.0,2018-02-19 00:07:00
11195.0,2018-02-20 00:07:00
11120.0,2018-02-21 00:07:00
10332.0,2018-02-22 00:07:00
9720.0,2018-02-23 00:07:00
10180.0,2018-02-24 00:07:00
9554.2,2018-02-25 00:07:00
9591.9,2018-02-26 00:07:00
10339.0,2018-02-27 00:07:00
10598.0,2018-02-28 00:07:00
10228.0,2018-03-01 00:07:00
10920.0,2018-03-02 00:07:00
11081.0,2018-03-03 00:07:00
11407.0,2018-03-04 00:07:00
11478.0,2018-03-05 00:07:00
11369.0,2018-03-06 00:07:00
10775.0,2018-03-07 00:07:00
9947.8,2018-03-08 00:07:00
9394.9,2018-03-09 00:07:00
9321.4,2018-03-10 00:07:00
8654.6,2018-03-11 00:07:00
9584.6,2018-03-12 00:07:00
9090.0,2018-03-13 00:07:00
9155.7,2018-03-14 00:07:00
8253.0,2018-03-15 00:07:00
8310.6,2018-03-16 00:07:00
8280.9,2018-03-17 00:07:00
7825.9,2018-03-18 00:07:00
8400.0,2018-03-19 00:07:00
8476.7,2018-03-20 00:07:00
8904.4,2018-03-21 00:07:00
8875.0,2018-03-22 00:07:00
8677.8,2018-03-23 00:07:00
8900.7,2018-03-24 00:07:00
8489.0,2018-03-25 00:07:00
8463.7,2018-03-26 00:07:00
8167.3,2018-03-27 00:07:00
7792.6,2018-03-28 00:07:00
7938.5,2018-03-29 00:07:00
7122.8,2018-03-30 00:07:00
6886.8,2018-03-31 00:07:00
7013.5,2018-04-01 00:07:00
6779.7,2018-04-02 00:07:00
7067.0,2018-04-03 00:07:00
7393.1,2018-04-04 00:07:00
6780.0,2018-04-05 00:07:00
6794.9,2018-04-06 00:07:00
6604.8,2018-04-07 00:07:00
6910.0,2018-04-08 00:07:00
7035.3,2018-04-09 00:07:00
6770.1,2018-04-10 00:07:00
6850.0,2018-04-11 00:07:00
6949.9,2018-04-12 00:07:00
7980.7,2018-04-13 00:07:00
7847.6,2018-04-14 00:07:00
8063.3,2018-04-15 00:07:00
8350.6,2018-04-16 00:07:00
8044.4,2018-04-17 00:07:00
7900.1,2018-04-18 00:07:00
8157.2,2018-04-19 00:07:00
8334.1,2018-04-20 00:07:00
8839.2,2018-04-21 00:07:00
8874.2,2018-04-22 00:07:00
8782.4,2018-04-23 00:07:00
8930.0,2018-04-24 00:07:00
9611.6,2018-04-25 00:07:00
8777.7,2018-04-26 00:07:00
9252.9,2018-04-27 00:07:00
8909.7,2018-04-28 00:07:00
9369.6,2018-04-29 00:07:00
9413.8,2018-04-30 00:07:00
9209.9,2018-05-01 00:07:00
9083.0,2018-05-02 00:07:00
9240.9,2018-05-03 00:07:00
9617.1,2018-05-04 00:07:00
9729.9,2018-05-05 00:07:00
9856.8,2018-05-06 00:07:00
9669.0,2018-05-07 00:07:00
9383.0,2018-05-08 00:07:00
9141.5,2018-05-09 00:07:00
9334.6,2018-05-10 00:07:00
8906.1,2018-05-11 00:07:00
8432.8,2018-05-12 00:07:00
8505.1,2018-05-13 00:07:00
8627.9,2018-05-14 00:07:00
8748.4,2018-05-15 00:07:00
8461.0,2018-05-16 00:07:00
8365.8,2018-05-17 00:07:00
8057.9,2018-05-18 00:07:00
8246.6,2018-05-19 00:07:00
8219.9,2018-05-20 00:07:00
8524.88110524,2018-05-21 00:07:00
8393.3,2018-05-22 00:07:00
7996.9,2018-05-23 00:07:00
7526.3,2018-05-24 00:07:00
7572.5,2018-05-25 00:07:00
7445.1,2018-05-26 00:07:00
7314.3,2018-05-27 00:07:00
7342.6,2018-05-28 00:07:00
7117.7,2018-05-29 00:07:00
7449.2,2018-05-30 00:07:00
7356.2,2018-05-31 00:07:00
7500.0,2018-06-01 00:07:00
7523.3,2018-06-02 00:07:00
7641.2,2018-06-03 00:07:00
7724.9,2018-06-04 00:07:00
7499.5,2018-06-05 00:07:00
7627.15740416,2018-06-06 00:07:00
7677.0,2018-06-07 00:07:00
7682.7,2018-06-08 00:07:00
7623.4,2018-06-09 00:07:00
7430.8,2018-06-10 00:07:00
6736.1,2018-06-11 00:07:00
6846.1,2018-06-12 00:07:00
6541.3,2018-06-13 00:07:00
6319.1,2018-06-14 00:07:00
6633.8,2018-06-15 00:07:00
6397.5,2018-06-16 00:07:00
6489.9,2018-06-17 00:07:00
6448.2,2018-06-18 00:07:00
6716.3,2018-06-19 00:07:00
6739.9,2018-06-20 00:07:00
6751.1,2018-06-21 00:07:00
6719.1,2018-06-22 00:07:00
6062.0,2018-06-23 00:07:00
6167.7,2018-06-24 00:07:00
6142.5,2018-06-25 00:07:00
6259.9,2018-06-26 00:07:00
6035.5,2018-06-27 00:07:00
6136.6,2018-06-28 00:07:00
5878.6,2018-06-29 00:07:00
6220.0,2018-06-30 00:07:00
6412.7,2018-07-01 00:07:00
6340.1,2018-07-02 00:07:00
6617.2,2018-07-03 00:07:00
6515.6,2018-07-04 00:07:00
6580.5,2018-07-05 00:07:00
6547.5,2018-07-06 00:07:00
6610.0,2018-07-07 00:07:00
6783.1,2018-07-08 00:07:00
6700.0,2018-07-09 00:07:00
6654.6,2018-07-10 00:07:00
6300.95773835,2018-07-11 00:07:00
6366.1,2018-07-12 00:07:00
6221.6042328,2018-07-13 00:07:00
6221.9,2018-07-14 00:07:00
6250.2,2018-07-15 00:07:00
6357.6,2018-07-16 00:07:00
6724.5,2018-07-17 00:07:00
7327.1,2018-07-18 00:07:00
7368.9,2018-07-19 00:07:00
7425.5,2018-07-20 00:07:00
7314.029012999998,2018-07-21 00:07:00
7367.20699715,2018-07-22 00:07:00
7398.1,2018-07-23 00:07:00
7730.4,2018-07-24 00:07:00
8411.8,2018-07-25 00:07:00
8200.4,2018-07-26 00:07:00
7945.3,2018-07-27 00:07:00
8201.1,2018-07-28 00:07:00
8246.3,2018-07-29 00:07:00
8118.0,2018-07-30 00:07:00
8166.8,2018-07-31 00:07:00
7735.371534000001,2018-08-01 00:07:00
7603.1,2018-08-02 00:07:00
7490.0,2018-08-03 00:07:00
7391.8,2018-08-04 00:07:00
7017.4,2018-08-05 00:07:00
7031.9,2018-08-06 00:07:00
6976.0,2018-08-07 00:07:00
6687.0,2018-08-08 00:07:00
6306.9,2018-08-09 00:07:00
6553.0,2018-08-10 00:07:00
6145.0,2018-08-11 00:07:00
6200.7,2018-08-12 00:07:00
6324.3,2018-08-13 00:07:00
6241.6,2018-08-14 00:07:00
6209.5,2018-08-15 00:07:00
6236.78573942,2018-08-16 00:07:00
6308.0,2018-08-17 00:07:00
6551.7,2018-08-18 00:07:00
6367.92121245,2018-08-19 00:07:00
6500.9,2018-08-20 00:07:00
6265.9,2018-08-21 00:07:00
6477.1,2018-08-22 00:07:00
6358.0,2018-08-23 00:07:00
6533.23404452,2018-08-24 00:07:00
6699.16014781,2018-08-25 00:07:00
6735.5,2018-08-26 00:07:00
6694.4,2018-08-27 00:07:00
6897.3,2018-08-28 00:07:00
7083.0,2018-08-29 00:07:00
7037.6,2018-08-30 00:07:00
6976.6,2018-08-31 00:07:00
7038.9,2018-09-01 00:07:00
7198.9,2018-09-02 00:07:00
7312.3,2018-09-03 00:07:00
7256.6,2018-09-04 00:07:00
7364.6,2018-09-05 00:07:00
6700.0,2018-09-06 00:07:00
6472.9,2018-09-07 00:07:00
6420.0,2018-09-08 00:07:00
6176.8,2018-09-09 00:07:00
6260.9,2018-09-10 00:07:00
6311.9,2018-09-11 00:07:00
6285.6,2018-09-12 00:07:00
6340.4,2018-09-13 00:07:00
6495.9,2018-09-14 00:07:00
6493.0,2018-09-15 00:07:00
6509.2,2018-09-16 00:07:00
6513.4,2018-09-17 00:07:00
6245.2,2018-09-18 00:07:00
6330.6,2018-09-19 00:07:00
6401.2,2018-09-20 00:07:00
6508.0,2018-09-21 00:07:00
6818.4,2018-09-22 00:07:00
6727.3,2018-09-23 00:07:00
6699.3,2018-09-24 00:07:00
6555.0,2018-09-25 00:07:00
6430.0,2018-09-26 00:07:00
6477.8,2018-09-27 00:07:00
6710.8,2018-09-28 00:07:00
6620.0,2018-09-29 00:07:00
6584.6,2018-09-30 00:07:00
6647.5,2018-10-01 00:07:00
6608.2,2018-10-02 00:07:00
6514.39198735,2018-10-03 00:07:00
6502.72375731,2018-10-04 00:07:00
6597.3,2018-10-05 00:07:00
6641.0,2018-10-06 00:07:00
6595.2,2018-10-07 00:07:00
6612.8,2018-10-08 00:07:00
6679.1,2018-10-09 00:07:00
6655.2,2018-10-10 00:07:00
6624.7,2018-10-11 00:07:00
6231.7,2018-10-12 00:07:00
6298.5,2018-10-13 00:07:00
6326.0,2018-10-14 00:07:00
6326.7,2018-10-15 00:07:00
6732.6,2018-10-16 00:07:00
6738.7,2018-10-17 00:07:00
6737.01158702,2018-10-18 00:07:00
6613.97058002,2018-10-19 00:07:00
6520.4,2018-10-20 00:07:00
6586.5,2018-10-21 00:07:00
6576.9,2018-10-22 00:07:00
6567.3,2018-10-23 00:07:00
6549.1704944,2018-10-24 00:07:00
6553.58923961,2018-10-25 00:07:00
6530.6,2018-10-26 00:07:00
6536.389743399999,2018-10-27 00:07:00
6498.6,2018-10-28 00:07:00
6490.2,2018-10-29 00:07:00
6353.7,2018-10-30 00:07:00
6333.0,2018-10-31 00:07:00
6372.1,2018-11-01 00:07:00
6410.0,2018-11-02 00:07:00
6432.0,2018-11-03 00:07:00
6389.1,2018-11-04 00:07:00
6490.3,2018-11-05 00:07:00
6475.1,2018-11-06 00:07:00
6516.2,2018-11-07 00:07:00
6580.0,2018-11-08 00:07:00
6479.6,2018-11-09 00:07:00
6416.9,2018-11-10 00:07:00
6430.98626279,2018-11-11 00:07:00
6467.5,2018-11-12 00:07:00
6446.0,2018-11-13 00:07:00
6447.3,2018-11-14 00:07:00
5896.45988089,2018-11-15 00:07:00
5732.62118758,2018-11-16 00:07:00
5638.8,2018-11-17 00:07:00
5631.2,2018-11-18 00:07:00
5649.3,2018-11-19 00:07:00
4945.0,2018-11-20 00:07:00
4545.9,2018-11-21 00:07:00
4672.1,2018-11-22 00:07:00
4400.078779199999,2018-11-23 00:07:00
4432.2,2018-11-24 00:07:00
3962.8,2018-11-25 00:07:00
4116.1,2018-11-26 00:07:00
3851.2,2018-11-27 00:07:00
3899.2,2018-11-28 00:07:00
4318.1,2018-11-29 00:07:00
4315.8,2018-11-30 00:07:00
4028.3,2018-12-01 00:07:00
4254.48599038,2018-12-02 00:07:00
4169.4,2018-12-03 00:07:00
3895.7,2018-12-04 00:07:00
3979.8,2018-12-05 00:07:00
3794.4,2018-12-06 00:07:00
3505.1,2018-12-07 00:07:00
3486.1,2018-12-08 00:07:00
3505.0,2018-12-09 00:07:00
3652.5,2018-12-10 00:07:00
3508.2,2018-12-11 00:07:00
3426.0,2018-12-12 00:07:00
3533.2,2018-12-13 00:07:00
3332.0,2018-12-14 00:07:00
3279.1,2018-12-15 00:07:00
3282.0,2018-12-16 00:07:00
3300.55916297,2018-12-17 00:07:00
3646.8,2018-12-18 00:07:00
3770.8,2018-12-19 00:07:00
3796.7,2018-12-20 00:07:00
4177.9,2018-12-21 00:07:00
4002.0945637,2018-12-22 00:07:00
4136.2,2018-12-23 00:07:00
4100.33038365,2018-12-24 00:07:00
4139.4,2018-12-25 00:07:00
3892.4,2018-12-26 00:07:00
3917.4,2018-12-27 00:07:00
3735.5,2018-12-28 00:07:00
4034.1,2018-12-29 00:07:00
3904.0,2018-12-30 00:07:00
3980.5,2018-12-31 00:07:00
3823.3,2019-01-01 00:07:00
3971.0,2019-01-02 00:07:00
4055.0,2019-01-03 00:07:00
3910.0,2019-01-04 00:07:00
3959.0,2019-01-05 00:07:00
3914.2,2019-01-06 00:07:00
4196.9,2019-01-07 00:07:00
4119.95981832,2019-01-08 00:07:00
4100.0,2019-01-09 00:07:00
4086.0,2019-01-10 00:07:00
3704.2,2019-01-11 00:07:00
3705.9,2019-01-12 00:07:00
3701.5,2019-01-13 00:07:00
3590.0,2019-01-14 00:07:00
3750.8,2019-01-15 00:07:00
3649.8,2019-01-16 00:07:00
3677.9,2019-01-17 00:07:00
3723.0,2019-01-18 00:07:00
3674.0,2019-01-19 00:07:00
3757.9,2019-01-20 00:07:00
3590.12543528,2019-01-21 00:07:00
3579.4,2019-01-22 00:07:00
3641.72556904,2019-01-23 00:07:00
3620.9811894,2019-01-24 00:07:00
3651.4,2019-01-25 00:07:00
3633.9,2019-01-26 00:07:00
3630.1,2019-01-27 00:07:00
3592.0,2019-01-28 00:07:00
3506.1,2019-01-29 00:07:00
3472.2,2019-01-30 00:07:00
3529.6,2019-01-31 00:07:00
3509.3,2019-02-01 00:07:00
3533.8,2019-02-02 00:07:00
3566.4,2019-02-03 00:07:00
3503.9,2019-02-04 00:07:00
3486.7,2019-02-05 00:07:00
3505.78250765,2019-02-06 00:07:00
3449.4,2019-02-07 00:07:00
3438.4,2019-02-08 00:07:00
3729.2,2019-02-09 00:07:00
3722.7,2019-02-10 00:07:00
3714.1,2019-02-11 00:07:00
3671.5,2019-02-12 00:07:00
3688.37734906,2019-02-13 00:07:00
3663.7,2019-02-14 00:07:00
3660.0,2019-02-15 00:07:00
3668.5,2019-02-16 00:07:00
3680.1,2019-02-17 00:07:00
3730.3,2019-02-18 00:07:00
4001.1,2019-02-19 00:07:00
3993.2,2019-02-20 00:07:00
4033.6,2019-02-21 00:07:00
4007.4,2019-02-22 00:07:00
4052.3,2019-02-23 00:07:00
4213.5378446,2019-02-24 00:07:00
3849.9,2019-02-25 00:07:00
3923.6,2019-02-26 00:07:00
3896.2,2019-02-27 00:07:00
3897.3,2019-02-28 00:07:00
3897.7,2019-03-01 00:07:00
3916.83023353,2019-03-02 00:07:00
3923.42918907,2019-03-03 00:07:00
3892.95566362,2019-03-04 00:07:00
3802.1,2019-03-05 00:07:00
3951.9,2019-03-06 00:07:00
3955.0,2019-03-07 00:07:00
3967.0,2019-03-08 00:07:00
3935.1,2019-03-09 00:07:00
4007.1,2019-03-10 00:07:00
3998.56247741,2019-03-11 00:07:00
3949.5,2019-03-12 00:07:00
3955.9,2019-03-13 00:07:00
3945.40016162,2019-03-14 00:07:00
3950.5,2019-03-15 00:07:00
4004.8,2019-03-16 00:07:00
4088.1013173,2019-03-17 00:07:00
4069.9,2019-03-18 00:07:00
4073.8,2019-03-19 00:07:00
4101.4,2019-03-20 00:07:00
4127.1,2019-03-21 00:07:00
4043.3,2019-03-22 00:07:00
4045.71207026,2019-03-23 00:07:00
4058.4,2019-03-24 00:07:00
4040.4,2019-03-25 00:07:00
3973.0,2019-03-26 00:07:00
3984.8,2019-03-27 00:07:00
4088.4,2019-03-28 00:07:00
4093.9,2019-03-29 00:07:00
4176.3,2019-03-30 00:07:00
4169.93318751,2019-03-31 00:07:00
4168.06023959,2019-04-01 00:07:00
4190.8,2019-04-02 00:07:00
4952.5,2019-04-03 00:07:00
4962.0,2019-04-04 00:07:00
4963.9,2019-04-05 00:07:00
5066.9,2019-04-06 00:07:00
5085.0,2019-04-07 00:07:00
5237.5,2019-04-08 00:07:00
5296.1,2019-04-09 00:07:00
5215.0,2019-04-10 00:07:00
5315.2,2019-04-11 00:07:00
5057.0,2019-04-12 00:07:00
5114.0,2019-04-13 00:07:00
5112.5,2019-04-14 00:07:00
5200.41145855,2019-04-15 00:07:00
5036.0,2019-04-16 00:07:00
5246.7,2019-04-17 00:07:00
5257.8,2019-04-18 00:07:00
5302.7,2019-04-19 00:07:00
5318.0,2019-04-20 00:07:00
5345.91444724,2019-04-21 00:07:00
5323.6,2019-04-22 00:07:00
5416.9,2019-04-23 00:07:00
5576.6,2019-04-24 00:07:00
5480.8,2019-04-25 00:07:00
5204.1,2019-04-26 00:07:00
5410.81514936,2019-04-27 00:07:00
5410.5,2019-04-28 00:07:00
5473.28635776,2019-04-29 00:07:00
5487.0,2019-04-30 00:07:00
5591.9,2019-05-01 00:07:00
5644.4,2019-05-02 00:07:00
5717.8,2019-05-03 00:07:00
6033.7,2019-05-04 00:07:00
6098.4,2019-05-05 00:07:00
6047.5,2019-05-06 00:07:00
6049.0,2019-05-07 00:07:00
6082.2,2019-05-08 00:07:00
6229.9,2019-05-09 00:07:00
6281.2,2019-05-10 00:07:00
6452.9,2019-05-11 00:07:00
7191.5,2019-05-12 00:07:00
6909.2911129999975,2019-05-13 00:07:00
7786.8,2019-05-14 00:07:00
8007.9,2019-05-15 00:07:00
8153.5,2019-05-16 00:07:00
7900.0,2019-05-17 00:07:00
7447.0,2019-05-18 00:07:00
7277.600362100001,2019-05-19 00:07:00
8071.9,2019-05-20 00:07:00
8009.68734876,2019-05-21 00:07:00
7946.62503202,2019-05-22 00:07:00
7610.0,2019-05-23 00:07:00
7847.15715065,2019-05-24 00:07:00
8014.0,2019-05-25 00:07:00
8056.2,2019-05-26 00:07:00
8816.4,2019-05-27 00:07:00
8828.8,2019-05-28 00:07:00
8700.9,2019-05-29 00:07:00
8650.6,2019-05-30 00:07:00
8311.0,2019-05-31 00:07:00
8512.0,2019-06-01 00:07:00
8565.4,2019-06-02 00:07:00
8715.4,2019-06-03 00:07:00
7824.3,2019-06-04 00:07:00
7762.75086615,2019-06-05 00:07:00
7780.8,2019-06-06 00:07:00
7836.0,2019-06-07 00:07:00
8011.0,2019-06-08 00:07:00
7941.3,2019-06-09 00:07:00
7579.6,2019-06-10 00:07:00
8048.9,2019-06-11 00:07:00
7901.9,2019-06-12 00:07:00
8156.6,2019-06-13 00:07:00
8256.8,2019-06-14 00:07:00
8695.5,2019-06-15 00:07:00
8820.0,2019-06-16 00:07:00
9027.5,2019-06-17 00:07:00
9360.5,2019-06-18 00:07:00
9123.9,2019-06-19 00:07:00
9322.0,2019-06-20 00:07:00
9579.0,2019-06-21 00:07:00
10179.0,2019-06-22 00:07:00
10800.0,2019-06-23 00:07:00
10877.0,2019-06-24 00:07:00
11141.0,2019-06-25 00:07:00
11742.0,2019-06-26 00:07:00
12845.0,2019-06-27 00:07:00
11148.0,2019-06-28 00:07:00
12288.0,2019-06-29 00:07:00
12008.0,2019-06-30 00:07:00
10776.0,2019-07-01 00:07:00
10667.0,2019-07-02 00:07:00
10980.0,2019-07-03 00:07:00
11982.0,2019-07-04 00:07:00
11045.0,2019-07-05 00:07:00
11290.0,2019-07-06 00:07:00
11152.0,2019-07-07 00:07:00
11524.0,2019-07-08 00:07:00
12323.0,2019-07-09 00:07:00
12605.0,2019-07-10 00:07:00
11970.0,2019-07-11 00:07:00
11217.0,2019-07-12 00:07:00
11802.804735,2019-07-13 00:07:00
11258.0,2019-07-14 00:07:00
10076.0,2019-07-15 00:07:00
10849.0,2019-07-16 00:07:00
9460.6,2019-07-17 00:07:00
9658.2,2019-07-18 00:07:00
10571.0,2019-07-19 00:07:00
10540.0,2019-07-20 00:07:00
10734.733996,2019-07-21 00:07:00
10623.0,2019-07-22 00:07:00
10300.0,2019-07-23 00:07:00
9720.1,2019-07-24 00:07:00
9762.7,2019-07-25 00:07:00
9852.0,2019-07-26 00:07:00
9825.5,2019-07-27 00:07:00
9385.0,2019-07-28 00:07:00
9524.6,2019-07-29 00:07:00
9526.4,2019-07-30 00:07:00
9589.0,2019-07-31 00:07:00
10124.0,2019-08-01 00:07:00
10435.0,2019-08-02 00:07:00
10522.0,2019-08-03 00:07:00
10880.01248719,2019-08-04 00:07:00
11004.0,2019-08-05 00:07:00
11743.0,2019-08-06 00:07:00
11475.0,2019-08-07 00:07:00
12007.7548922,2019-08-08 00:07:00
12021.0325753,2019-08-09 00:07:00
11946.053328,2019-08-10 00:07:00
11304.0,2019-08-11 00:07:00
11519.0,2019-08-12 00:07:00
11402.0,2019-08-13 00:07:00
10874.97062372,2019-08-14 00:07:00
10172.0,2019-08-15 00:07:00
10274.0,2019-08-16 00:07:00
10310.0,2019-08-17 00:07:00
10250.0,2019-08-18 00:07:00
10312.0,2019-08-19 00:07:00
10971.0,2019-08-20 00:07:00
10818.0,2019-08-21 00:07:00
10125.0,2019-08-22 00:07:00
10086.71013,2019-08-23 00:07:00
10423.0,2019-08-24 00:07:00
10173.0,2019-08-25 00:07:00
10192.0,2019-08-26 00:07:00
10367.0,2019-08-27 00:07:00
10155.97536778,2019-08-28 00:07:00
9695.1,2019-08-29 00:07:00
9507.20972714,2019-08-30 00:07:00
9593.113266,2019-08-31 00:07:00
9629.6,2019-09-01 00:07:00
9788.8,2019-09-02 00:07:00
10420.0,2019-09-03 00:07:00
10614.0,2019-09-04 00:07:00
10561.91854906,2019-09-05 00:07:00
10600.02761036,2019-09-06 00:07:00
10322.0,2019-09-07 00:07:00
10510.0,2019-09-08 00:07:00
10415.0,2019-09-09 00:07:00
10333.0,2019-09-10 00:07:00
10109.93620388,2019-09-11 00:07:00
10220.0,2019-09-12 00:07:00
10464.09930431,2019-09-13 00:07:00
10374.0,2019-09-14 00:07:00
10381.0,2019-09-15 00:07:00
10341.0,2019-09-16 00:07:00
10268.0,2019-09-17 00:07:00
10230.0,2019-09-18 00:07:00
10191.0,2019-09-19 00:07:00
10321.0,2019-09-20 00:07:00
10181.0,2019-09-21 00:07:00
10020.0,2019-09-22 00:07:00
10067.0,2019-09-23 00:07:00
9677.0,2019-09-24 00:07:00
8608.78709807,2019-09-25 00:07:00
8448.5,2019-09-26 00:07:00
8120.0,2019-09-27 00:07:00
8243.8,2019-09-28 00:07:00
8253.4,2019-09-29 00:07:00
8074.2,2019-09-30 00:07:00
8289.6,2019-10-01 00:07:00
8333.7,2019-10-02 00:07:00
8399.31585829,2019-10-03 00:07:00
8251.0265421,2019-10-04 00:07:00
8176.8,2019-10-05 00:07:00
8167.6,2019-10-06 00:07:00
7867.7108514,2019-10-07 00:07:00
8259.4,2019-10-08 00:07:00
8219.9,2019-10-09 00:07:00
8628.7,2019-10-10 00:07:00
8600.0,2019-10-11 00:07:00
8291.9,2019-10-12 00:07:00
8322.6,2019-10-13 00:07:00
8273.8,2019-10-14 00:07:00
8391.05488273,2019-10-15 00:07:00
8171.7,2019-10-16 00:07:00
8010.0,2019-10-17 00:07:00
8096.7,2019-10-18 00:07:00
7981.1,2019-10-19 00:07:00
7992.1,2019-10-20 00:07:00
8266.6,2019-10-21 00:07:00
8229.51512024,2019-10-22 00:07:00
8035.3,2019-10-23 00:07:00
7497.2,2019-10-24 00:07:00
7454.3,2019-10-25 00:07:00
8697.4,2019-10-26 00:07:00
9287.90031435,2019-10-27 00:07:00
9588.01786057,2019-10-28 00:07:00
9264.93105252,2019-10-29 00:07:00
9442.2,2019-10-30 00:07:00
9210.9,2019-10-31 00:07:00
9162.2,2019-11-01 00:07:00
9311.5,2019-11-02 00:07:00
9368.2,2019-11-03 00:07:00
9230.2,2019-11-04 00:07:00
9411.2,2019-11-05 00:07:00
9342.0,2019-11-06 00:07:00
9348.0,2019-11-07 00:07:00
9188.0,2019-11-08 00:07:00
8748.8,2019-11-09 00:07:00
8804.1,2019-11-10 00:07:00
9082.0,2019-11-11 00:07:00
8729.1,2019-11-12 00:07:00
8814.0,2019-11-13 00:07:00
8812.1,2019-11-14 00:07:00
8661.35396045,2019-11-15 00:07:00
8484.1,2019-11-16 00:07:00
8521.8,2019-11-17 00:07:00
8525.1232435,2019-11-18 00:07:00
8224.0393608,2019-11-19 00:07:00
8152.6,2019-11-20 00:07:00
8123.3,2019-11-21 00:07:00
7667.2,2019-11-22 00:07:00
7288.9,2019-11-23 00:07:00
7347.1,2019-11-24 00:07:00
6925.0,2019-11-25 00:07:00
7180.1,2019-11-26 00:07:00
7208.2,2019-11-27 00:07:00
7573.2,2019-11-28 00:07:00
7488.8,2019-11-29 00:07:00
7786.0,2019-11-30 00:07:00
7585.55871592,2019-12-01 00:07:00
7450.015401199997,2019-12-02 00:07:00
7360.1,2019-12-03 00:07:00
7307.02099234,2019-12-04 00:07:00
7238.4,2019-12-05 00:07:00
7411.4,2019-12-06 00:07:00
7600.1,2019-12-07 00:07:00
7540.07972046,2019-12-08 00:07:00
7563.88211527,2019-12-09 00:07:00
7356.1,2019-12-10 00:07:00
7267.8,2019-12-11 00:07:00
7242.9,2019-12-12 00:07:00
7233.5,2019-12-13 00:07:00
7277.6,2019-12-14 00:07:00
7086.6,2019-12-15 00:07:00
7150.9,2019-12-16 00:07:00
6937.70045832,2019-12-17 00:07:00
6664.5,2019-12-18 00:07:00
7382.8,2019-12-19 00:07:00
7182.35303544,2019-12-20 00:07:00
7214.85338604,2019-12-21 00:07:00
7160.1,2019-12-22 00:07:00
7599.3,2019-12-23 00:07:00
7325.5,2019-12-24 00:07:00
7275.3,2019-12-25 00:07:00
7225.7,2019-12-26 00:07:00
7226.7,2019-12-27 00:07:00
7279.5,2019-12-28 00:07:00
7318.3,2019-12-29 00:07:00
7403.7,2019-12-30 00:07:00
7222.9,2019-12-31 00:07:00
7194.1,2020-01-01 00:07:00
7204.2,2020-01-02 00:07:00
6983.2,2020-01-03 00:07:00
7357.814181899997,2020-01-04 00:07:00
7385.66763347,2020-01-05 00:07:00
7363.9,2020-01-06 00:07:00
7815.9,2020-01-07 00:07:00
8258.8,2020-01-08 00:07:00
7984.7606229,2020-01-09 00:07:00
7828.9,2020-01-10 00:07:00
8134.2623736,2020-01-11 00:07:00
7963.3,2020-01-12 00:07:00
8163.983834999999,2020-01-13 00:07:00
8112.1,2020-01-14 00:07:00
8713.7,2020-01-15 00:07:00
8837.1,2020-01-16 00:07:00
8724.7649984,2020-01-17 00:07:00
8883.9,2020-01-18 00:07:00
8891.5,2020-01-19 00:07:00
8714.08288409,2020-01-20 00:07:00
8624.4,2020-01-21 00:07:00
8742.0,2020-01-22 00:07:00
8665.82704076,2020-01-23 00:07:00
8389.961232,2020-01-24 00:07:00
8443.0,2020-01-25 00:07:00
8326.53480212,2020-01-26 00:07:00
8625.2,2020-01-27 00:07:00
8930.0,2020-01-28 00:07:00
9378.3,2020-01-29 00:07:00
9306.2,2020-01-30 00:07:00
9493.2,2020-01-31 00:07:00
9362.9,2020-02-01 00:07:00
9386.5519474,2020-02-02 00:07:00
9314.9,2020-02-03 00:07:00
9319.98453782,2020-02-04 00:07:00
9186.4,2020-02-05 00:07:00
9618.1,2020-02-06 00:07:00
9772.2,2020-02-07 00:07:00
9788.9,2020-02-08 00:07:00
9888.5557566,2020-02-09 00:07:00
10161.0,2020-02-10 00:07:00
9836.0,2020-02-11 00:07:00
10273.0,2020-02-12 00:07:00
10345.0,2020-02-13 00:07:00
10222.0,2020-02-14 00:07:00
10358.0,2020-02-15 00:07:00
9880.0,2020-02-16 00:07:00
9951.7,2020-02-17 00:07:00
9669.4,2020-02-18 00:07:00
10147.0,2020-02-19 00:07:00
9605.9,2020-02-20 00:07:00
9586.2,2020-02-21 00:07:00
9676.8,2020-02-22 00:07:00
9661.1,2020-02-23 00:07:00
9962.49239147,2020-02-24 00:07:00
9643.4,2020-02-25 00:07:00
9330.7,2020-02-26 00:07:00
8747.2,2020-02-27 00:07:00
8814.1,2020-02-28 00:07:00
8754.8,2020-02-29 00:07:00
8609.8,2020-03-01 00:07:00
8531.2,2020-03-02 00:07:00
8894.0,2020-03-03 00:07:00
8770.0,2020-03-04 00:07:00
8812.6,2020-03-05 00:07:00
9090.0,2020-03-06 00:07:00
9153.3,2020-03-07 00:07:00
8893.53894913,2020-03-08 00:07:00
8180.4,2020-03-09 00:07:00
7953.3,2020-03-10 00:07:00
7927.49074681,2020-03-11 00:07:00
7984.3,2020-03-12 00:07:00
4850.0,2020-03-13 00:07:00
5529.2,2020-03-14 00:07:00
5184.30767557,2020-03-15 00:07:00
5250.4,2020-03-16 00:07:00
5045.0,2020-03-17 00:07:00
5346.3,2020-03-18 00:07:00
5446.1,2020-03-19 00:07:00
6243.3944908,2020-03-20 00:07:00
6121.7,2020-03-21 00:07:00
6160.2,2020-03-22 00:07:00
5879.2,2020-03-23 00:07:00
6615.5,2020-03-24 00:07:00
6682.8,2020-03-25 00:07:00
6733.0,2020-03-26 00:07:00
6819.2,2020-03-27 00:07:00
6268.1,2020-03-28 00:07:00
6231.8,2020-03-29 00:07:00
5891.2,2020-03-30 00:07:00
6443.2,2020-03-31 00:07:00
6432.1,2020-04-01 00:07:00
6718.3,2020-04-02 00:07:00
6804.9,2020-04-03 00:07:00
6737.0,2020-04-04 00:07:00
6890.0,2020-04-05 00:07:00
6809.5,2020-04-06 00:07:00
7356.1,2020-04-07 00:07:00
7184.5,2020-04-08 00:07:00
7342.1,2020-04-09 00:07:00
7275.4,2020-04-10 00:07:00
6876.7,2020-04-11 00:07:00
6906.9,2020-04-12 00:07:00
6849.03660642,2020-04-13 00:07:00
6862.4,2020-04-14 00:07:00
6836.5,2020-04-15 00:07:00
6571.0,2020-04-16 00:07:00
7136.0,2020-04-17 00:07:00
7059.1,2020-04-18 00:07:00
7250.0,2020-04-19 00:07:00
7134.2,2020-04-20 00:07:00
6857.506232800001,2020-04-21 00:07:00
6870.00356801,2020-04-22 00:07:00
7124.0,2020-04-23 00:07:00
7519.0,2020-04-24 00:07:00
7490.6,2020-04-25 00:07:00
7522.4,2020-04-26 00:07:00
7706.3,2020-04-27 00:07:00
7743.90474554,2020-04-28 00:07:00
7758.9,2020-04-29 00:07:00
8733.6,2020-04-30 00:07:00
8660.8,2020-05-01 00:07:00
8784.8,2020-05-02 00:07:00
8984.6,2020-05-03 00:07:00
8929.3,2020-05-04 00:07:00
8900.0,2020-05-05 00:07:00
8997.4,2020-05-06 00:07:00
9127.6,2020-05-07 00:07:00
9900.4,2020-05-08 00:07:00
9800.0,2020-05-09 00:07:00
9503.0,2020-05-10 00:07:00
8760.0,2020-05-11 00:07:00
8599.0,2020-05-12 00:07:00
8858.0,2020-05-13 00:07:00
9339.0,2020-05-14 00:07:00
9778.2,2020-05-15 00:07:00
9243.2673338,2020-05-16 00:07:00
9340.8,2020-05-17 00:07:00
9702.7,2020-05-18 00:07:00
9647.1,2020-05-19 00:07:00
9776.4,2020-05-20 00:07:00
9512.34745125,2020-05-21 00:07:00
9020.48165196,2020-05-22 00:07:00
9177.4864668,2020-05-23 00:07:00
9145.345385,2020-05-24 00:07:00
8754.6,2020-05-25 00:07:00
8913.5,2020-05-26 00:07:00
8858.7,2020-05-27 00:07:00
9181.61829431,2020-05-28 00:07:00
9572.9,2020-05-29 00:07:00
9405.4,2020-05-30 00:07:00
9660.0,2020-05-31 00:07:00
9457.8,2020-06-01 00:07:00
10190.0,2020-06-02 00:07:00
9510.85667782,2020-06-03 00:07:00
9647.5,2020-06-04 00:07:00
9795.0,2020-06-05 00:07:00
9584.24207868,2020-06-06 00:07:00
9642.71438605,2020-06-07 00:07:00
9766.9,2020-06-08 00:07:00
9830.0,2020-06-09 00:07:00
9768.3,2020-06-10 00:07:00
9892.8,2020-06-11 00:07:00
9263.8,2020-06-12 00:07:00
9465.0,2020-06-13 00:07:00
9474.3,2020-06-14 00:07:00
9339.1,2020-06-15 00:07:00
9440.0,2020-06-16 00:07:00
9525.6,2020-06-17 00:07:00
9452.10410001,2020-06-18 00:07:00
9384.0,2020-06-19 00:07:00
9306.0,2020-06-20 00:07:00
9393.4,2020-06-21 00:07:00
9307.5,2020-06-22 00:07:00
9717.6,2020-06-23 00:07:00
9647.51404095,2020-06-24 00:07:00
9299.8,2020-06-25 00:07:00
9241.31587044,2020-06-26 00:07:00
9146.7,2020-06-27 00:07:00
9003.0,2020-06-28 00:07:00
9129.1,2020-06-29 00:07:00
9203.29788741,2020-06-30 00:07:00
9122.88942218,2020-07-01 00:07:00
9245.8,2020-07-02 00:07:00
9088.0,2020-07-03 00:07:00
9063.2,2020-07-04 00:07:00
9150.0,2020-07-05 00:07:00
9088.44503645,2020-07-06 00:07:00
9367.3,2020-07-07 00:07:00
9271.52165934,2020-07-08 00:07:00
9442.08928697,2020-07-09 00:07:00
9227.69072999,2020-07-10 00:07:00
9299.7,2020-07-11 00:07:00
9249.5,2020-07-12 00:07:00
9312.0,2020-07-13 00:07:00
9242.2,2020-07-14 00:07:00
9271.7,2020-07-15 00:07:00
9208.1,2020-07-16 00:07:00
9150.75854419,2020-07-17 00:07:00
9169.9,2020-07-18 00:07:00
9191.8,2020-07-19 00:07:00
9236.73690215,2020-07-20 00:07:00
9182.6,2020-07-21 00:07:00
9399.1,2020-07-22 00:07:00
9554.0,2020-07-23 00:07:00
9614.3,2020-07-24 00:07:00
9562.9,2020-07-25 00:07:00
9702.5,2020-07-26 00:07:00
9958.1,2020-07-27 00:07:00
11178.0,2020-07-28 00:07:00
10987.0,2020-07-29 00:07:00
11044.0,2020-07-30 00:07:00
11144.0,2020-07-31 00:07:00
11384.91586478,2020-08-01 00:07:00
11832.0,2020-08-02 00:07:00
11022.0,2020-08-03 00:07:00
11262.0,2020-08-04 00:07:00
11211.13379397,2020-08-05 00:07:00
11783.0,2020-08-06 00:07:00
11767.0,2020-08-07 00:07:00
11566.0,2020-08-08 00:07:00
11750.0,2020-08-09 00:07:00
11695.0,2020-08-10 00:07:00
11887.0,2020-08-11 00:07:00
11386.0,2020-08-12 00:07:00
11583.0,2020-08-13 00:07:00
11847.03057373,2020-08-14 00:07:00
11817.0,2020-08-15 00:07:00
11869.0,2020-08-16 00:07:00
11901.498992,2020-08-17 00:07:00
12333.0,2020-08-18 00:07:00
11970.20295513,2020-08-19 00:07:00
11801.9498937,2020-08-20 00:07:00
11899.0,2020-08-21 00:07:00
11500.96548747,2020-08-22 00:07:00
11687.0,2020-08-23 00:07:00
11626.0,2020-08-24 00:07:00
11770.83890103,2020-08-25 00:07:00
11308.02689835,2020-08-26 00:07:00
11463.94313401,2020-08-27 00:07:00
11329.0,2020-08-28 00:07:00
11530.0,2020-08-29 00:07:00
11501.912639,2020-08-30 00:07:00
11740.0,2020-08-31 00:07:00
11652.283904,2020-09-01 00:07:00
11959.64274679,2020-09-02 00:07:00
11384.9743997,2020-09-03 00:07:00
10217.0,2020-09-04 00:07:00
10511.0,2020-09-05 00:07:00
10192.060732,2020-09-06 00:07:00
10286.67790095,2020-09-07 00:07:00
10405.81711863,2020-09-08 00:07:00
10114.89332246,2020-09-09 00:07:00
10259.8601105,2020-09-10 00:07:00
10370.95952533,2020-09-11 00:07:00
10395.0,2020-09-12 00:07:00
10444.04426846,2020-09-13 00:07:00
10312.0,2020-09-14 00:07:00
10701.0,2020-09-15 00:07:00
10765.06713379,2020-09-16 00:07:00
10955.0,2020-09-17 00:07:00
10965.0,2020-09-18 00:07:00
10961.0,2020-09-19 00:07:00
11082.78788539,2020-09-20 00:07:00
10917.0,2020-09-21 00:07:00
10426.0,2020-09-22 00:07:00
10547.17459151,2020-09-23 00:07:00
10234.0,2020-09-24 00:07:00
10759.99669962,2020-09-25 00:07:00
10718.0,2020-09-26 00:07:00
10749.0175,2020-09-27 00:07:00
10894.0,2020-09-28 00:07:00
10728.0,2020-09-29 00:07:00
10851.0,2020-09-30 00:07:00
10827.51539573,2020-10-01 00:07:00
10600.0,2020-10-02 00:07:00
10567.0,2020-10-03 00:07:00
10551.01874132,2020-10-04 00:07:00
10743.0,2020-10-05 00:07:00
10800.093822,2020-10-06 00:07:00
10606.0,2020-10-07 00:07:00
10676.0,2020-10-08 00:07:00
10939.0,2020-10-09 00:07:00
11083.0,2020-10-10 00:07:00
11326.0,2020-10-11 00:07:00
11378.0,2020-10-12 00:07:00
11517.0,2020-10-13 00:07:00
11441.95710935,2020-10-14 00:07:00
11425.179884,2020-10-15 00:07:00
11491.0,2020-10-16 00:07:00
11327.0,2020-10-17 00:07:00
11368.0,2020-10-18 00:07:00
11528.0,2020-10-19 00:07:00
11743.0,2020-10-20 00:07:00
11911.0,2020-10-21 00:07:00
12888.0,2020-10-22 00:07:00
12935.8876575,2020-10-23 00:07:00
12928.0,2020-10-24 00:07:00
13112.80164138,2020-10-25 00:07:00
13011.0,2020-10-26 00:07:00
13075.0,2020-10-27 00:07:00
13651.0,2020-10-28 00:07:00
13273.0,2020-10-29 00:07:00
13408.0,2020-10-30 00:07:00
13560.94074505,2020-10-31 00:07:00
13867.0,2020-11-01 00:07:00
13816.14561084,2020-11-02 00:07:00
13501.13218863,2020-11-03 00:07:00
14019.0,2020-11-04 00:07:00
14179.38508485,2020-11-05 00:07:00
15452.0,2020-11-06 00:07:00
15608.0,2020-11-07 00:07:00
14783.0,2020-11-08 00:07:00
15493.0,2020-11-09 00:07:00
15304.0,2020-11-10 00:07:00
15292.62312021,2020-11-11 00:07:00
15657.707888,2020-11-12 00:07:00
16288.0,2020-11-13 00:07:00
16221.0,2020-11-14 00:07:00
16096.0,2020-11-15 00:07:00
15932.0,2020-11-16 00:07:00
16755.0,2020-11-17 00:07:00
17680.46776664,2020-11-18 00:07:00
17751.0,2020-11-19 00:07:00
17875.34491008,2020-11-20 00:07:00
18649.0,2020-11-21 00:07:00
18645.0,2020-11-22 00:07:00
18429.18713193,2020-11-23 00:07:00
18309.0,2020-11-24 00:07:00
19167.0,2020-11-25 00:07:00
18689.0,2020-11-26 00:07:00
17156.74498032,2020-11-27 00:07:00
17136.0,2020-11-28 00:07:00
17702.0,2020-11-29 00:07:00
18327.0,2020-11-30 00:07:00
19592.0,2020-12-01 00:07:00
18613.0,2020-12-02 00:07:00
19297.0,2020-12-03 00:07:00
19426.0,2020-12-04 00:07:00
18499.0,2020-12-05 00:07:00
19246.0,2020-12-06 00:07:00
19418.0,2020-12-07 00:07:00
19170.88092073,2020-12-08 00:07:00
18269.0,2020-12-09 00:07:00
18527.0,2020-12-10 00:07:00
18199.974106,2020-12-11 00:07:00
18184.430278,2020-12-12 00:07:00
18874.0,2020-12-13 00:07:00
19093.0,2020-12-14 00:07:00
19265.0,2020-12-15 00:07:00
19461.0,2020-12-16 00:07:00
21344.040375,2020-12-17 00:07:00
22700.0,2020-12-18 00:07:00
23060.0,2020-12-19 00:07:00
23669.0,2020-12-20 00:07:00
23407.0,2020-12-21 00:07:00
22870.0,2020-12-22 00:07:00
23691.0,2020-12-23 00:07:00
23180.0,2020-12-24 00:07:00
23704.0,2020-12-25 00:07:00
24633.0,2020-12-26 00:07:00
26569.0,2020-12-27 00:07:00
26241.0,2020-12-28 00:07:00
27002.0,2020-12-29 00:07:00
27340.0,2020-12-30 00:07:00
29075.0,2020-12-31 00:07:00
28935.0,2021-01-01 00:07:00
29309.260767000003,2021-01-02 00:07:00
32026.0,2021-01-03 00:07:00
32823.0,2021-01-04 00:07:00
32225.0,2021-01-05 00:07:00
33755.286405,2021-01-06 00:07:00
36810.0,2021-01-07 00:07:00
39403.0,2021-01-08 00:07:00
40886.0,2021-01-09 00:07:00
40510.0,2021-01-10 00:07:00
37839.0,2021-01-11 00:07:00
35278.0,2021-01-12 00:07:00
33718.0,2021-01-13 00:07:00
38050.0,2021-01-14 00:07:00
39444.0,2021-01-15 00:07:00
37298.0,2021-01-16 00:07:00
35916.0,2021-01-17 00:07:00
35873.0,2021-01-18 00:07:00
36753.0,2021-01-19 00:07:00
35993.0,2021-01-20 00:07:00
35440.456,2021-01-21 00:07:00
30672.0,2021-01-22 00:07:00
32609.0,2021-01-23 00:07:00
31818.0,2021-01-24 00:07:00
32304.0,2021-01-25 00:07:00
32453.637866,2021-01-26 00:07:00
32327.0,2021-01-27 00:07:00
30361.0,2021-01-28 00:07:00
33857.0,2021-01-29 00:07:00
34747.0,2021-01-30 00:07:00
34279.0,2021-01-31 00:07:00
32623.0,2021-02-01 00:07:00
33660.0,2021-02-02 00:07:00
35609.0,2021-02-03 00:07:00
37861.0,2021-02-04 00:07:00
37050.0,2021-02-05 00:07:00
38590.0,2021-02-06 00:07:00
39100.0,2021-02-07 00:07:00
38970.0,2021-02-08 00:07:00
47158.0,2021-02-09 00:07:00
46198.0,2021-02-10 00:07:00
44713.0,2021-02-11 00:07:00
48548.0,2021-02-12 00:07:00
47501.0,2021-02-13 00:07:00
47120.0,2021-02-14 00:07:00
48725.0,2021-02-15 00:07:00
47823.0,2021-02-16 00:07:00
49382.0,2021-02-17 00:07:00
52336.0,2021-02-18 00:07:00
51687.0,2021-02-19 00:07:00
55992.0,2021-02-20 00:07:00
55639.0,2021-02-21 00:07:00
57029.0,2021-02-22 00:07:00
53291.0,2021-02-23 00:07:00
48524.0,2021-02-24 00:07:00
49831.0,2021-02-25 00:07:00
46844.0,2021-02-26 00:07:00
46700.0,2021-02-27 00:07:00
46183.0,2021-02-28 00:07:00
45183.0,2021-03-01 00:07:00
49744.21881416,2021-03-02 00:07:00
48257.0,2021-03-03 00:07:00
50036.0,2021-03-04 00:07:00
47746.0,2021-03-05 00:07:00
49146.0,2021-03-06 00:07:00
49072.0,2021-03-07 00:07:00
51166.0,2021-03-08 00:07:00
52333.0,2021-03-09 00:07:00
55070.0,2021-03-10 00:07:00
55847.0,2021-03-11 00:07:00
57863.0,2021-03-12 00:07:00
56739.889766,2021-03-13 00:07:00
61215.0,2021-03-14 00:07:00
59262.0,2021-03-15 00:07:00
56028.62686118,2021-03-16 00:07:00
56840.0,2021-03-17 00:07:00
59262.0,2021-03-18 00:07:00
57543.035231,2021-03-19 00:07:00
57996.0,2021-03-20 00:07:00
58349.838547,2021-03-21 00:07:00
57075.0,2021-03-22 00:07:00
54351.0,2021-03-23 00:07:00
54405.0,2021-03-24 00:07:00
52481.0,2021-03-25 00:07:00
52041.0,2021-03-26 00:07:00
55350.4662441,2021-03-27 00:07:00
55894.0,2021-03-28 00:07:00
55682.0,2021-03-29 00:07:00
57611.0,2021-03-30 00:07:00
58888.0,2021-03-31 00:07:00
59013.18769500001,2021-04-01 00:07:00
58674.08619800001,2021-04-02 00:07:00
59078.97776716,2021-04-03 00:07:00
56911.0,2021-04-04 00:07:00
58275.0,2021-04-05 00:07:00
59381.0,2021-04-06 00:07:00
58059.0,2021-04-07 00:07:00
55776.0,2021-04-08 00:07:00
58138.27243,2021-04-09 00:07:00
58131.0,2021-04-10 00:07:00
59716.9992305,2021-04-11 00:07:00
60106.21185128,2021-04-12 00:07:00
59999.83275,2021-04-13 00:07:00
63470.0,2021-04-14 00:07:00
63211.0,2021-04-15 00:07:00
63201.0,2021-04-16 00:07:00
61563.0,2021-04-17 00:07:00
60248.0,2021-04-18 00:07:00
55912.26945583,2021-04-19 00:07:00
55239.0,2021-04-20 00:07:00
56367.0,2021-04-21 00:07:00
53383.0,2021-04-22 00:07:00
51511.0,2021-04-23 00:07:00
50837.0,2021-04-24 00:07:00
50211.0,2021-04-25 00:07:00
49282.0,2021-04-26 00:07:00
53990.30398300001,2021-04-27 00:07:00
55105.0,2021-04-28 00:07:00
54902.0,2021-04-29 00:07:00
53391.0,2021-04-30 00:07:00
57740.0,2021-05-01 00:07:00
57661.0,2021-05-02 00:07:00
56860.2668293,2021-05-03 00:07:00
56719.0,2021-05-04 00:07:00
53668.0,2021-05-05 00:07:00
57214.0,2021-05-06 00:07:00
56186.738304,2021-05-07 00:07:00
57407.0,2021-05-08 00:07:00
58813.0,2021-05-09 00:07:00
58154.0,2021-05-10 00:07:00
55639.0,2021-05-11 00:07:00
57150.0,2021-05-12 00:07:00
48690.54394952,2021-05-13 00:07:00
50088.0,2021-05-14 00:07:00
50202.49592594,2021-05-15 00:07:00
47241.0,2021-05-16 00:07:00
46322.0,2021-05-17 00:07:00
44130.0,2021-05-18 00:07:00
43435.0,2021-05-19 00:07:00
37670.0,2021-05-20 00:07:00
40829.0,2021-05-21 00:07:00
37344.03035335,2021-05-22 00:07:00
37077.0,2021-05-23 00:07:00
35512.0,2021-05-24 00:07:00
38975.0,2021-05-25 00:07:00
38317.0,2021-05-26 00:07:00
39078.0,2021-05-27 00:07:00
38289.0,2021-05-28 00:07:00
35799.93245563,2021-05-29 00:07:00
34435.0,2021-05-30 00:07:00
35767.0,2021-05-31 00:07:00
37533.60358438,2021-06-01 00:07:00
36564.48143116,2021-06-02 00:07:00
37736.0,2021-06-03 00:07:00
38882.0,2021-06-04 00:07:00
36900.0,2021-06-05 00:07:00
35485.0,2021-06-06 00:07:00
35569.0,2021-06-07 00:07:00
33859.0,2021-06-08 00:07:00
33200.0,2021-06-09 00:07:00
37219.0,2021-06-10 00:07:00
36697.14809364,2021-06-11 00:07:00
37406.0,2021-06-12 00:07:00
35507.0,2021-06-13 00:07:00
38889.0,2021-06-14 00:07:00
40259.61199295,2021-06-15 00:07:00
40067.0,2021-06-16 00:07:00
38429.0,2021-06-17 00:07:00
37902.0,2021-06-18 00:07:00
35827.99080946,2021-06-19 00:07:00
35384.0,2021-06-20 00:07:00
35532.0,2021-06-21 00:07:00
31803.57436682,2021-06-22 00:07:00
32288.0,2021-06-23 00:07:00
33618.0,2021-06-24 00:07:00
34834.22638387,2021-06-25 00:07:00
31658.0,2021-06-26 00:07:00
32189.0,2021-06-27 00:07:00
34579.0,2021-06-28 00:07:00
34678.0,2021-06-29 00:07:00
35748.04348277,2021-06-30 00:07:00
34966.0,2021-07-01 00:07:00
33771.0,2021-07-02 00:07:00
33749.0,2021-07-03 00:07:00
34563.0,2021-07-04 00:07:00
34960.0,2021-07-05 00:07:00
33923.10356772,2021-07-06 00:07:00
34307.0,2021-07-07 00:07:00
33867.0,2021-07-08 00:07:00
32672.0,2021-07-09 00:07:00
33830.0,2021-07-10 00:07:00
33505.0,2021-07-11 00:07:00
34231.0,2021-07-12 00:07:00
32904.0,2021-07-13 00:07:00
32739.0,2021-07-14 00:07:00
32771.46356327,2021-07-15 00:07:00
31715.0,2021-07-16 00:07:00
31491.0,2021-07-17 00:07:00
31621.0,2021-07-18 00:07:00
31859.11641344,2021-07-19 00:07:00
30870.65114997,2021-07-20 00:07:00
29841.0,2021-07-21 00:07:00
32144.50866412,2021-07-22 00:07:00
32296.0,2021-07-23 00:07:00
33523.0,2021-07-24 00:07:00
34260.0,2021-07-25 00:07:00
35371.21923621,2021-07-26 00:07:00
37468.0,2021-07-27 00:07:00
39270.55293705,2021-07-28 00:07:00
39959.0,2021-07-29 00:07:00
39940.0,2021-07-30 00:07:00
41773.0,2021-07-31 00:07:00
41477.0,2021-08-01 00:07:00
40023.0,2021-08-02 00:07:00
38836.0,2021-08-03 00:07:00
38122.0,2021-08-04 00:07:00
39795.0,2021-08-05 00:07:00
40728.0,2021-08-06 00:07:00
42638.0,2021-08-07 00:07:00
44452.0,2021-08-08 00:07:00
43709.0,2021-08-09 00:07:00
46625.80381788,2021-08-10 00:07:00
45583.00697571,2021-08-11 00:07:00
45678.0,2021-08-12 00:07:00
44679.0,2021-08-13 00:07:00
47737.0,2021-08-14 00:07:00
47159.0,2021-08-15 00:07:00
47174.0,2021-08-16 00:07:00
45929.73838843,2021-08-17 00:07:00
44701.0,2021-08-18 00:07:00
44950.0,2021-08-19 00:07:00
46703.0,2021-08-20 00:07:00
49157.81593599,2021-08-21 00:07:00
48975.0,2021-08-22 00:07:00
49395.0,2021-08-23 00:07:00
49596.5085639,2021-08-24 00:07:00
47772.96232108,2021-08-25 00:07:00
48924.0,2021-08-26 00:07:00
46918.0,2021-08-27 00:07:00
49153.0,2021-08-28 00:07:00
49088.0,2021-08-29 00:07:00
48801.0,2021-08-30 00:07:00
47087.22837863,2021-08-31 00:07:00
47163.0,2021-09-01 00:07:00
48800.0,2021-09-02 00:07:00
49212.67005339,2021-09-03 00:07:00
49876.0,2021-09-04 00:07:00
49884.0,2021-09-05 00:07:00
51868.0,2021-09-06 00:07:00
52724.42147405,2021-09-07 00:07:00
46449.0,2021-09-08 00:07:00
46046.0,2021-09-09 00:07:00
46414.75891127,2021-09-10 00:07:00
44913.0,2021-09-11 00:07:00
45220.77544621,2021-09-12 00:07:00
46164.0,2021-09-13 00:07:00
44949.0,2021-09-14 00:07:00
46996.0,2021-09-15 00:07:00
48164.0,2021-09-16 00:07:00
47712.0,2021-09-17 00:07:00
47204.0,2021-09-18 00:07:00
48321.17154848,2021-09-19 00:07:00
47191.0,2021-09-20 00:07:00
42663.16968554,2021-09-21 00:07:00
40860.0,2021-09-22 00:07:00
43514.2922265,2021-09-23 00:07:00
44986.11575876,2021-09-24 00:07:00
42830.0,2021-09-25 00:07:00
42660.0,2021-09-26 00:07:00
43101.19387301,2021-09-27 00:07:00
42147.0,2021-09-28 00:07:00
41165.40717508,2021-09-29 00:07:00
41448.0,2021-09-30 00:07:00
43829.10018923,2021-10-01 00:07:00
48108.0,2021-10-02 00:07:00
47722.0,2021-10-03 00:07:00
48150.0,2021-10-04 00:07:00
49249.0,2021-10-05 00:07:00
51286.0,2021-10-06 00:07:00
55244.0,2021-10-07 00:07:00
53921.0,2021-10-08 00:07:00
53773.0,2021-10-09 00:07:00
54873.0,2021-10-10 00:07:00
54743.0,2021-10-11 00:07:00
57128.0,2021-10-12 00:07:00
56122.0,2021-10-13 00:07:00
57443.0,2021-10-14 00:07:00
57156.0,2021-10-15 00:07:00
61471.0,2021-10-16 00:07:00
60734.12650813,2021-10-17 00:07:00
61520.0,2021-10-18 00:07:00
62037.0,2021-10-19 00:07:00
64088.0,2021-10-20 00:07:00
65824.0,2021-10-21 00:07:00
62619.0,2021-10-22 00:07:00
60622.44751935,2021-10-23 00:07:00
61399.0,2021-10-24 00:07:00
60633.0,2021-10-25 00:07:00
62895.0,2021-10-26 00:07:00
60156.13606336,2021-10-27 00:07:00
58698.0,2021-10-28 00:07:00
60669.0,2021-10-29 00:07:00
62128.96326483,2021-10-30 00:07:00
62197.0,2021-10-31 00:07:00
61378.0,2021-11-01 00:07:00
60775.0,2021-11-02 00:07:00
63246.0,2021-11-03 00:07:00
62869.0,2021-11-04 00:07:00
61476.0,2021-11-05 00:07:00
60890.0,2021-11-06 00:07:00
61463.0,2021-11-07 00:07:00
63500.0,2021-11-08 00:07:00
67378.0,2021-11-09 00:07:00
67211.0,2021-11-10 00:07:00
64531.0,2021-11-11 00:07:00
64824.0,2021-11-12 00:07:00
64403.0,2021-11-13 00:07:00
64503.0,2021-11-14 00:07:00
65787.0,2021-11-15 00:07:00
63172.0,2021-11-16 00:07:00
59848.0,2021-11-17 00:07:00
60351.0,2021-11-18 00:07:00
56948.0,2021-11-19 00:07:00
